,postal,latitude,longtitude,searchval,blk_no,road_name,building,address
0,821101,1.397946168,103.90594509999998,HDB-PUNGGOL,101A,PUNGGOL FIELD,HDB-PUNGGOL,101A PUNGGOL FIELD HDB-PUNGGOL SINGAPORE 821101
1,822101,1.397847151,103.9064361,HDB-PUNGGOL,101B,PUNGGOL FIELD,HDB-PUNGGOL,101B PUNGGOL FIELD HDB-PUNGGOL SINGAPORE 822101
2,823101,1.3980904580000002,103.9065693,HDB-PUNGGOL,101C,PUNGGOL FIELD,HDB-PUNGGOL,101C PUNGGOL FIELD HDB-PUNGGOL SINGAPORE 823101
3,824101,1.398484785,103.9061439,HDB-PUNGGOL,101D,PUNGGOL FIELD,HDB-PUNGGOL,101D PUNGGOL FIELD HDB-PUNGGOL SINGAPORE 824101
4,821102,1.398833183,103.90578359999999,HDB-PUNGGOL,102A,PUNGGOL FIELD,HDB-PUNGGOL,102A PUNGGOL FIELD HDB-PUNGGOL SINGAPORE 821102
5,822102,1.3990852580000002,103.90547140000001,HDB-PUNGGOL,102B,PUNGGOL FIELD,HDB-PUNGGOL,102B PUNGGOL FIELD HDB-PUNGGOL SINGAPORE 822102
6,823102,1.398761278,103.904939,HDB-PUNGGOL,102C,PUNGGOL FIELD,HDB-PUNGGOL,102C PUNGGOL FIELD HDB-PUNGGOL SINGAPORE 823102
7,824102,1.3984807080000001,103.9052498,HDB-PUNGGOL,102D,PUNGGOL FIELD,HDB-PUNGGOL,102D PUNGGOL FIELD HDB-PUNGGOL SINGAPORE 824102
8,821103,1.3982553180000001,103.904754,103A EDGEFIELD PLAINS SINGAPORE 821103,103A,EDGEFIELD PLAINS,NIL,103A EDGEFIELD PLAINS SINGAPORE 821103
9,822103,1.397731275,103.9046854,103B EDGEFIELD PLAINS SINGAPORE 822103,103B,EDGEFIELD PLAINS,NIL,103B EDGEFIELD PLAINS SINGAPORE 822103
10,823103,1.397266608,103.9045384,103C EDGEFIELD PLAINS SINGAPORE 823103,103C,EDGEFIELD PLAINS,NIL,103C EDGEFIELD PLAINS SINGAPORE 823103
11,821104,1.396805705,103.9050542,104A EDGEFIELD PLAINS SINGAPORE 821104,104A,EDGEFIELD PLAINS,NIL,104A EDGEFIELD PLAINS SINGAPORE 821104
12,822104,1.396608862,103.9053038,104B EDGEFIELD PLAINS SINGAPORE 822104,104B,EDGEFIELD PLAINS,NIL,104B EDGEFIELD PLAINS SINGAPORE 822104
13,821105,1.396941332,103.9057295,105A EDGEFIELD PLAINS SINGAPORE 821105,105A,EDGEFIELD PLAINS,NIL,105A EDGEFIELD PLAINS SINGAPORE 821105
14,822105,1.3972064640000001,103.9060023,105B EDGEFIELD PLAINS SINGAPORE 822105,105B,EDGEFIELD PLAINS,NIL,105B EDGEFIELD PLAINS SINGAPORE 822105
15,823105,1.397672035,103.9055988,105C EDGEFIELD PLAINS SINGAPORE 823105,105C,EDGEFIELD PLAINS,NIL,105C EDGEFIELD PLAINS SINGAPORE 823105
16,824105,1.397175309,103.9052296,105D EDGEFIELD PLAINS SINGAPORE 824105,105D,EDGEFIELD PLAINS,NIL,105D EDGEFIELD PLAINS SINGAPORE 824105
17,821106,1.396604861,103.9083441,HDB-PUNGGOL,106A,PUNGGOL FIELD,HDB-PUNGGOL,106A PUNGGOL FIELD HDB-PUNGGOL SINGAPORE 821106
18,822106,1.397094532,103.9079554,HDB-PUNGGOL,106B,PUNGGOL FIELD,HDB-PUNGGOL,106B PUNGGOL FIELD HDB-PUNGGOL SINGAPORE 822106
19,823106,1.397366642,103.9075622,HDB-PUNGGOL,106C,PUNGGOL FIELD,HDB-PUNGGOL,106C PUNGGOL FIELD HDB-PUNGGOL SINGAPORE 823106
20,824106,1.3976260669999998,103.90735809999998,HDB-PUNGGOL,106D,PUNGGOL FIELD,HDB-PUNGGOL,106D PUNGGOL FIELD HDB-PUNGGOL SINGAPORE 824106
21,821107,1.3971987940000001,103.9068258,107A EDGEFIELD PLAINS SINGAPORE 821107,107A,EDGEFIELD PLAINS,NIL,107A EDGEFIELD PLAINS SINGAPORE 821107
22,822107,1.396837235,103.90724820000001,107B EDGEFIELD PLAINS SINGAPORE 822107,107B,EDGEFIELD PLAINS,NIL,107B EDGEFIELD PLAINS SINGAPORE 822107
23,823107,1.396621521,103.9076007,107C EDGEFIELD PLAINS SINGAPORE 823107,107C,EDGEFIELD PLAINS,NIL,107C EDGEFIELD PLAINS SINGAPORE 823107
24,824107,1.396238035,103.9080073,107D EDGEFIELD PLAINS SINGAPORE 824107,107D,EDGEFIELD PLAINS,NIL,107D EDGEFIELD PLAINS SINGAPORE 824107
25,821109,1.394721864,103.9098738,HDB-PUNGGOL,109A,EDGEDALE PLAINS,HDB-PUNGGOL,109A EDGEDALE PLAINS HDB-PUNGGOL SINGAPORE 821109
26,822109,1.394956962,103.9096342,HDB-PUNGGOL,109B,EDGEDALE PLAINS,HDB-PUNGGOL,109B EDGEDALE PLAINS HDB-PUNGGOL SINGAPORE 822109
27,823109,1.39517272,103.9092816,HDB-PUNGGOL,109C,EDGEDALE PLAINS,HDB-PUNGGOL,109C EDGEDALE PLAINS HDB-PUNGGOL SINGAPORE 823109
28,824109,1.395529913,103.90885959999999,HDB-PUNGGOL,109D,EDGEDALE PLAINS,HDB-PUNGGOL,109D EDGEDALE PLAINS HDB-PUNGGOL SINGAPORE 824109
29,821110,1.3961240030000002,103.9092837,HDB-PUNGGOL,110A,PUNGGOL FIELD,HDB-PUNGGOL,110A PUNGGOL FIELD HDB-PUNGGOL SINGAPORE 821110
30,822110,1.3956602390000001,103.909627,HDB-PUNGGOL,110B,PUNGGOL FIELD,HDB-PUNGGOL,110B PUNGGOL FIELD HDB-PUNGGOL SINGAPORE 822110
31,823110,1.395397332,103.910034,HDB-PUNGGOL,110C,PUNGGOL FIELD,HDB-PUNGGOL,110C PUNGGOL FIELD HDB-PUNGGOL SINGAPORE 823110
32,824110,1.3950007119999999,103.910206,HDB-PUNGGOL,110D,PUNGGOL FIELD,HDB-PUNGGOL,110D PUNGGOL FIELD HDB-PUNGGOL SINGAPORE 824110
33,820111,1.396677886,103.9065791,111 EDGEFIELD PLAINS SINGAPORE 820111,111,EDGEFIELD PLAINS,NIL,111 EDGEFIELD PLAINS SINGAPORE 820111
34,820112,1.396245169,103.9070873,112 EDGEFIELD PLAINS SINGAPORE 820112,112,EDGEFIELD PLAINS,NIL,112 EDGEFIELD PLAINS SINGAPORE 820112
35,820114,1.3957997180000001,103.9075556,114 EDGEFIELD PLAINS SINGAPORE 820114,114,EDGEFIELD PLAINS,NIL,114 EDGEFIELD PLAINS SINGAPORE 820114
36,820115,1.3951285469999999,103.9072584,115 EDGEFIELD PLAINS SINGAPORE 820115,115,EDGEFIELD PLAINS,NIL,115 EDGEFIELD PLAINS SINGAPORE 820115
37,820116,1.39541568,103.9069122,116 EDGEFIELD PLAINS SINGAPORE 820116,116,EDGEFIELD PLAINS,NIL,116 EDGEFIELD PLAINS SINGAPORE 820116
38,820117,1.395787352,103.90661779999999,117 EDGEFIELD PLAINS SINGAPORE 820117,117,EDGEFIELD PLAINS,NIL,117 EDGEFIELD PLAINS SINGAPORE 820117
39,820118,1.3962070659999999,103.90614709999998,118 EDGEFIELD PLAINS SINGAPORE 820118,118,EDGEFIELD PLAINS,NIL,118 EDGEFIELD PLAINS SINGAPORE 820118
40,821120,1.3945121790000001,103.90796429999999,PUNGGOL EDGE,120A,EDGEDALE PLAINS,PUNGGOL EDGE,120A EDGEDALE PLAINS PUNGGOL EDGE SINGAPORE 821120
41,822120,1.3948377809999999,103.9075847,PUNGGOL EDGE,120B,EDGEDALE PLAINS,PUNGGOL EDGE,120B EDGEDALE PLAINS PUNGGOL EDGE SINGAPORE 822120
42,821121,1.394002346,103.90862829999999,PUNGGOL EDGE,121A,EDGEDALE PLAINS,PUNGGOL EDGE,121A EDGEDALE PLAINS PUNGGOL EDGE SINGAPORE 821121
43,822121,1.393088703,103.9090418,PUNGGOL EDGE,121B,EDGEDALE PLAINS,PUNGGOL EDGE,121B EDGEDALE PLAINS PUNGGOL EDGE SINGAPORE 822121
44,821122,1.3935098119999998,103.9091066,PUNGGOL EDGE,122A,EDGEDALE PLAINS,PUNGGOL EDGE,122A EDGEDALE PLAINS PUNGGOL EDGE SINGAPORE 821122
45,822122,1.394150091,103.909596,PUNGGOL EDGE,122B,EDGEDALE PLAINS,PUNGGOL EDGE,122B EDGEDALE PLAINS PUNGGOL EDGE SINGAPORE 822122
46,821126,1.39410055,103.9113562,HDB-PUNGGOL,126A,EDGEDALE PLAINS,HDB-PUNGGOL,126A EDGEDALE PLAINS HDB-PUNGGOL SINGAPORE 821126
47,822126,1.394548891,103.9111062,HDB-PUNGGOL,126B,EDGEDALE PLAINS,HDB-PUNGGOL,126B EDGEDALE PLAINS HDB-PUNGGOL SINGAPORE 822126
48,823126,1.393970531,103.91066359999999,HDB-PUNGGOL,126C,EDGEDALE PLAINS,HDB-PUNGGOL,126C EDGEDALE PLAINS HDB-PUNGGOL SINGAPORE 823126
49,824126,1.393783889,103.91098149999999,HDB-PUNGGOL,126D,EDGEDALE PLAINS,HDB-PUNGGOL,126D EDGEDALE PLAINS HDB-PUNGGOL SINGAPORE 824126
50,821128,1.393542263,103.9124285,HDB-PUNGGOL,128A,PUNGGOL FIELD WALK,HDB-PUNGGOL,128A PUNGGOL FIELD WALK HDB-PUNGGOL SINGAPORE 821128
51,822128,1.392987926,103.91288309999999,HDB-PUNGGOL,128B,PUNGGOL FIELD WALK,HDB-PUNGGOL,128B PUNGGOL FIELD WALK HDB-PUNGGOL SINGAPORE 822128
52,823128,1.3925491369999998,103.9125609,HDB-PUNGGOL,128C,PUNGGOL FIELD WALK,HDB-PUNGGOL,128C PUNGGOL FIELD WALK HDB-PUNGGOL SINGAPORE 823128
53,824128,1.392967719,103.911962,HDB-PUNGGOL,128D,PUNGGOL FIELD WALK,HDB-PUNGGOL,128D PUNGGOL FIELD WALK HDB-PUNGGOL SINGAPORE 824128
54,828776,1.4013165859999999,103.89684629999999,ECOPOLITAN,130,PUNGGOL WALK,ECOPOLITAN,130 PUNGGOL WALK ECOPOLITAN SINGAPORE 828776
55,828777,1.40089672,103.8967673,ECOPOLITAN,132,PUNGGOL WALK,ECOPOLITAN,132 PUNGGOL WALK ECOPOLITAN SINGAPORE 828777
56,820133,1.392831554,103.91062009999999,HDB-PUNGGOL,133,EDGEDALE PLAINS,HDB-PUNGGOL,133 EDGEDALE PLAINS HDB-PUNGGOL SINGAPORE 820133
57,828778,1.4006896269999998,103.897008,ECOPOLITAN,134,PUNGGOL WALK,ECOPOLITAN,134 PUNGGOL WALK ECOPOLITAN SINGAPORE 828778
58,820135,1.392092062,103.9100225,HDB-PUNGGOL,135,EDGEDALE PLAINS,HDB-PUNGGOL,135 EDGEDALE PLAINS HDB-PUNGGOL SINGAPORE 820135
59,828700,1.40045552,103.8976596,ECOPOLITAN,138,PUNGGOL WALK,ECOPOLITAN,138 PUNGGOL WALK ECOPOLITAN SINGAPORE 828700
60,821160,1.395312099,103.91570820000001,160A PUNGGOL CENTRAL SINGAPORE 821160,160A,PUNGGOL CENTRAL,NIL,160A PUNGGOL CENTRAL SINGAPORE 821160
61,822160,1.395225289,103.9160007,160B PUNGGOL CENTRAL SINGAPORE 822160,160B,PUNGGOL CENTRAL,NIL,160B PUNGGOL CENTRAL SINGAPORE 822160
62,821161,1.3958161,103.9150182,HDB-PUNGGOL,161A,PUNGGOL CENTRAL,HDB-PUNGGOL,161A PUNGGOL CENTRAL HDB-PUNGGOL SINGAPORE 821161
63,822161,1.39572273,103.915306,HDB-PUNGGOL,161B,PUNGGOL CENTRAL,HDB-PUNGGOL,161B PUNGGOL CENTRAL HDB-PUNGGOL SINGAPORE 822161
64,821162,1.39636616,103.9142502,162A PUNGGOL CENTRAL SINGAPORE 821162,162A,PUNGGOL CENTRAL,NIL,162A PUNGGOL CENTRAL SINGAPORE 821162
65,822162,1.396272161,103.9145378,HDB-PUNGGOL,162B,PUNGGOL CENTRAL,HDB-PUNGGOL,162B PUNGGOL CENTRAL HDB-PUNGGOL SINGAPORE 822162
66,821163,1.3955006019999998,103.9140598,163A PUNGGOL CENTRAL SINGAPORE 821163,163A,PUNGGOL CENTRAL,NIL,163A PUNGGOL CENTRAL SINGAPORE 821163
67,822163,1.39563022,103.91377220000001,163B PUNGGOL CENTRAL SINGAPORE 822163,163B,PUNGGOL CENTRAL,NIL,163B PUNGGOL CENTRAL SINGAPORE 822163
68,821165,1.394998966,103.9147543,165A PUNGGOL CENTRAL SINGAPORE 821165,165A,PUNGGOL CENTRAL,NIL,165A PUNGGOL CENTRAL SINGAPORE 821165
69,822165,1.395128032,103.9144671,165B PUNGGOL CENTRAL SINGAPORE 822165,165B,PUNGGOL CENTRAL,NIL,165B PUNGGOL CENTRAL SINGAPORE 822165
70,821166,1.394448669,103.9155224,166A PUNGGOL CENTRAL SINGAPORE 821166,166A,PUNGGOL CENTRAL,NIL,166A PUNGGOL CENTRAL SINGAPORE 821166
71,822166,1.3945781259999999,103.915235,166B PUNGGOL CENTRAL SINGAPORE 822166,166B,PUNGGOL CENTRAL,NIL,166B PUNGGOL CENTRAL SINGAPORE 822166
72,821167,1.393908248,103.9151069,THE SUNDIAL,167A,PUNGGOL EAST,THE SUNDIAL,167A PUNGGOL EAST THE SUNDIAL SINGAPORE 821167
73,822167,1.394227136,103.91497740000001,THE SUNDIAL,167B,PUNGGOL EAST,THE SUNDIAL,167B PUNGGOL EAST THE SUNDIAL SINGAPORE 822167
74,823167,1.3943889619999998,103.91475240000001,THE SUNDIAL,167C,PUNGGOL EAST,THE SUNDIAL,167C PUNGGOL EAST THE SUNDIAL SINGAPORE 823167
75,824167,1.394548399,103.9145293,THE SUNDIAL,167D,PUNGGOL EAST,THE SUNDIAL,167D PUNGGOL EAST THE SUNDIAL SINGAPORE 824167
76,821168,1.394589169,103.91423879999999,THE SUNDIAL,168A,PUNGGOL EAST,THE SUNDIAL,168A PUNGGOL EAST THE SUNDIAL SINGAPORE 821168
77,822168,1.3944960290000001,103.913979,THE SUNDIAL,168B,PUNGGOL EAST,THE SUNDIAL,168B PUNGGOL EAST THE SUNDIAL SINGAPORE 822168
78,823168,1.393903151,103.9137768,THE NAUTILUS @ PUNGGOL,168C,PUNGGOL FIELD,THE NAUTILUS @ PUNGGOL,168C PUNGGOL FIELD THE NAUTILUS @ PUNGGOL SINGAPORE 823168
79,824168,1.3937467680000002,103.91400159999999,THE NAUTILUS @ PUNGGOL,168D,PUNGGOL FIELD,THE NAUTILUS @ PUNGGOL,168D PUNGGOL FIELD THE NAUTILUS @ PUNGGOL SINGAPORE 824168
80,821169,1.3930827469999998,103.9142822,THE NAUTILUS @ PUNGGOL,169A,PUNGGOL FIELD,THE NAUTILUS @ PUNGGOL,169A PUNGGOL FIELD THE NAUTILUS @ PUNGGOL SINGAPORE 821169
81,822169,1.393224665,103.9140677,THE NAUTILUS @ PUNGGOL,169B,PUNGGOL FIELD,THE NAUTILUS @ PUNGGOL,169B PUNGGOL FIELD THE NAUTILUS @ PUNGGOL SINGAPORE 822169
82,823169,1.3936210919999998,103.91422359999999,THE NAUTILUS @ PUNGGOL,169C,PUNGGOL FIELD,THE NAUTILUS @ PUNGGOL,169C PUNGGOL FIELD THE NAUTILUS @ PUNGGOL SINGAPORE 823169
83,821170,1.3935609480000002,103.9148607,THE NAUTILUS @ PUNGGOL,170A,PUNGGOL FIELD,THE NAUTILUS @ PUNGGOL,170A PUNGGOL FIELD THE NAUTILUS @ PUNGGOL SINGAPORE 821170
84,822170,1.393337746,103.91470090000001,THE NAUTILUS @ PUNGGOL,170B,PUNGGOL FIELD,THE NAUTILUS @ PUNGGOL,170B PUNGGOL FIELD THE NAUTILUS @ PUNGGOL SINGAPORE 822170
85,823170,1.3931078419999998,103.9145464,THE NAUTILUS @ PUNGGOL,170C,PUNGGOL FIELD,THE NAUTILUS @ PUNGGOL,170C PUNGGOL FIELD THE NAUTILUS @ PUNGGOL SINGAPORE 823170
86,821171,1.394630782,103.9122939,HDB-PUNGGOL,171A,EDGEDALE PLAINS,HDB-PUNGGOL,171A EDGEDALE PLAINS HDB-PUNGGOL SINGAPORE 821171
87,822171,1.394977318,103.9127175,HDB-PUNGGOL,171B,EDGEDALE PLAINS,HDB-PUNGGOL,171B EDGEDALE PLAINS HDB-PUNGGOL SINGAPORE 822171
88,823171,1.394775289,103.9134368,HDB-PUNGGOL,171C,EDGEDALE PLAINS,HDB-PUNGGOL,171C EDGEDALE PLAINS HDB-PUNGGOL SINGAPORE 823171
89,821172,1.39533468,103.9114339,172A EDGEDALE PLAINS SINGAPORE 821172,172A,EDGEDALE PLAINS,NIL,172A EDGEDALE PLAINS SINGAPORE 821172
90,822172,1.395724021,103.9118054,172B EDGEDALE PLAINS SINGAPORE 822172,172B,EDGEDALE PLAINS,NIL,172B EDGEDALE PLAINS SINGAPORE 822172
91,823172,1.395444577,103.91246540000002,172C EDGEDALE PLAINS SINGAPORE 823172,172C,EDGEDALE PLAINS,NIL,172C EDGEDALE PLAINS SINGAPORE 823172
92,821173,1.3970130859999998,103.9093541,HDB-PUNGGOL,173A,PUNGGOL FIELD,HDB-PUNGGOL,173A PUNGGOL FIELD HDB-PUNGGOL SINGAPORE 821173
93,822173,1.3965502669999998,103.910063,HDB-PUNGGOL,173B,PUNGGOL FIELD,HDB-PUNGGOL,173B PUNGGOL FIELD HDB-PUNGGOL SINGAPORE 822173
94,823173,1.3961854059999999,103.9105619,HDB-PUNGGOL,173C,PUNGGOL FIELD,HDB-PUNGGOL,173C PUNGGOL FIELD HDB-PUNGGOL SINGAPORE 823173
95,824173,1.396007992,103.9107647,HDB-PUNGGOL,173D,PUNGGOL FIELD,HDB-PUNGGOL,173D PUNGGOL FIELD HDB-PUNGGOL SINGAPORE 824173
96,821174,1.39637824,103.9112808,HDB-PUNGGOL,174A,EDGEDALE PLAINS,HDB-PUNGGOL,174A EDGEDALE PLAINS HDB-PUNGGOL SINGAPORE 821174
97,822174,1.396731877,103.91081290000001,HDB-PUNGGOL,174B,EDGEDALE PLAINS,HDB-PUNGGOL,174B EDGEDALE PLAINS HDB-PUNGGOL SINGAPORE 822174
98,823174,1.396973051,103.9104245,HDB-PUNGGOL,174C,EDGEDALE PLAINS,HDB-PUNGGOL,174C EDGEDALE PLAINS HDB-PUNGGOL SINGAPORE 823174
99,824174,1.397359333,103.91011879999999,HDB-PUNGGOL,174D,EDGEDALE PLAINS,HDB-PUNGGOL,174D EDGEDALE PLAINS HDB-PUNGGOL SINGAPORE 824174
100,821175,1.397404216,103.9089737,HDB-PUNGGOL,175A,PUNGGOL FIELD,HDB-PUNGGOL,175A PUNGGOL FIELD HDB-PUNGGOL SINGAPORE 821175
101,822175,1.397770531,103.9086476,HDB-PUNGGOL,175B,PUNGGOL FIELD,HDB-PUNGGOL,175B PUNGGOL FIELD HDB-PUNGGOL SINGAPORE 822175
102,823175,1.398134688,103.90814809999999,HDB-PUNGGOL,175C,PUNGGOL FIELD,HDB-PUNGGOL,175C PUNGGOL FIELD HDB-PUNGGOL SINGAPORE 823175
103,824175,1.398470605,103.9077693,HDB-PUNGGOL,175D,PUNGGOL FIELD,HDB-PUNGGOL,175D PUNGGOL FIELD HDB-PUNGGOL SINGAPORE 824175
104,821176,1.398860781,103.90826659999999,176A EDGEFIELD PLAINS SINGAPORE 821176,176A,EDGEFIELD PLAINS,NIL,176A EDGEFIELD PLAINS SINGAPORE 821176
105,822176,1.398557354,103.908509,176B EDGEFIELD PLAINS SINGAPORE 822176,176B,EDGEFIELD PLAINS,NIL,176B EDGEFIELD PLAINS SINGAPORE 822176
106,823176,1.3983105530000002,103.9087837,176C EDGEFIELD PLAINS SINGAPORE 823176,176C,EDGEFIELD PLAINS,NIL,176C EDGEFIELD PLAINS SINGAPORE 823176
107,824176,1.3979424059999999,103.90944820000001,176D EDGEFIELD PLAINS SINGAPORE 824176,176D,EDGEFIELD PLAINS,NIL,176D EDGEFIELD PLAINS SINGAPORE 824176
108,820178,1.399406544,103.90843100000001,178 EDGEFIELD PLAINS SINGAPORE 820178,178,EDGEFIELD PLAINS,NIL,178 EDGEFIELD PLAINS SINGAPORE 820178
109,820181,1.399144305,103.9089833,181 EDGEFIELD PLAINS SINGAPORE 820181,181,EDGEFIELD PLAINS,NIL,181 EDGEFIELD PLAINS SINGAPORE 820181
110,820182,1.398921796,103.9093113,182 EDGEFIELD PLAINS SINGAPORE 820182,182,EDGEFIELD PLAINS,NIL,182 EDGEFIELD PLAINS SINGAPORE 820182
111,820183,1.398810031,103.90984559999998,183 EDGEFIELD PLAINS SINGAPORE 820183,183,EDGEFIELD PLAINS,NIL,183 EDGEFIELD PLAINS SINGAPORE 820183
112,820184,1.398515832,103.91014059999999,184 EDGEFIELD PLAINS SINGAPORE 820184,184,EDGEFIELD PLAINS,NIL,184 EDGEFIELD PLAINS SINGAPORE 820184
113,820185,1.3980681469999998,103.91016690000001,185 EDGEFIELD PLAINS SINGAPORE 820185,185,EDGEFIELD PLAINS,NIL,185 EDGEFIELD PLAINS SINGAPORE 820185
114,820186,1.398563328,103.9111,HDB-PUNGGOL,186,PUNGGOL CENTRAL,HDB-PUNGGOL,186 PUNGGOL CENTRAL HDB-PUNGGOL SINGAPORE 820186
115,820187,1.3987520340000001,103.9108807,HDB-PUNGGOL,187,PUNGGOL CENTRAL,HDB-PUNGGOL,187 PUNGGOL CENTRAL HDB-PUNGGOL SINGAPORE 820187
116,820188,1.398938692,103.9105385,188 PUNGGOL CENTRAL SINGAPORE 820188,188,PUNGGOL CENTRAL,NIL,188 PUNGGOL CENTRAL SINGAPORE 820188
117,820190,1.39924142,103.9100543,190 PUNGGOL CENTRAL SINGAPORE 820190,190,PUNGGOL CENTRAL,NIL,190 PUNGGOL CENTRAL SINGAPORE 820190
118,820191,1.399512505,103.9097527,HDB-PUNGGOL,191,PUNGGOL CENTRAL,HDB-PUNGGOL,191 PUNGGOL CENTRAL HDB-PUNGGOL SINGAPORE 820191
119,820192,1.399770926,103.9095143,192 PUNGGOL CENTRAL SINGAPORE 820192,192,PUNGGOL CENTRAL,NIL,192 PUNGGOL CENTRAL SINGAPORE 820192
120,820193,1.399967929,103.909013,193 EDGEFIELD PLAINS SINGAPORE 820193,193,EDGEFIELD PLAINS,NIL,193 EDGEFIELD PLAINS SINGAPORE 820193
121,821195,1.4013869159999999,103.9060812,THE PERIWINKLE,195A,PUNGGOL ROAD,THE PERIWINKLE,195A PUNGGOL ROAD THE PERIWINKLE SINGAPORE 821195
122,822195,1.401372012,103.9064857,THE PERIWINKLE,195B,PUNGGOL ROAD,THE PERIWINKLE,195B PUNGGOL ROAD THE PERIWINKLE SINGAPORE 822195
123,823195,1.4010920709999999,103.9068312,THE PERIWINKLE,195C,PUNGGOL ROAD,THE PERIWINKLE,195C PUNGGOL ROAD THE PERIWINKLE SINGAPORE 823195
124,824195,1.401367945,103.907096,THE PERIWINKLE,195D,PUNGGOL ROAD,THE PERIWINKLE,195D PUNGGOL ROAD THE PERIWINKLE SINGAPORE 824195
125,825195,1.4017179919999998,103.90717729999999,THE PERIWINKLE,195E,PUNGGOL ROAD,THE PERIWINKLE,195E PUNGGOL ROAD THE PERIWINKLE SINGAPORE 825195
126,821196,1.399203942,103.9067408,HDB-PUNGGOL,196A,PUNGGOL FIELD,HDB-PUNGGOL,196A PUNGGOL FIELD HDB-PUNGGOL SINGAPORE 821196
127,822196,1.399007111,103.9069906,HDB-PUNGGOL,196B,PUNGGOL FIELD,HDB-PUNGGOL,196B PUNGGOL FIELD HDB-PUNGGOL SINGAPORE 822196
128,823196,1.399279585,103.90749759999999,HDB-PUNGGOL,196C,PUNGGOL FIELD,HDB-PUNGGOL,196C PUNGGOL FIELD HDB-PUNGGOL SINGAPORE 823196
129,824196,1.399660814,103.9072345,HDB-PUNGGOL,196D,PUNGGOL FIELD,HDB-PUNGGOL,196D PUNGGOL FIELD HDB-PUNGGOL SINGAPORE 824196
130,821197,1.399774254,103.9068498,HDB-PUNGGOL,197A,PUNGGOL FIELD,HDB-PUNGGOL,197A PUNGGOL FIELD HDB-PUNGGOL SINGAPORE 821197
131,822197,1.4001315109999999,103.90664759999999,HDB-PUNGGOL,197B,PUNGGOL FIELD,HDB-PUNGGOL,197B PUNGGOL FIELD HDB-PUNGGOL SINGAPORE 822197
132,821199,1.399772996,103.9060012,HDB-PUNGGOL,199A,PUNGGOL FIELD,HDB-PUNGGOL,199A PUNGGOL FIELD HDB-PUNGGOL SINGAPORE 821199
133,822199,1.39996998,103.9057512,HDB-PUNGGOL,199B,PUNGGOL FIELD,HDB-PUNGGOL,199B PUNGGOL FIELD HDB-PUNGGOL SINGAPORE 822199
134,823199,1.4006470819999999,103.9060066,HDB-PUNGGOL,199C,PUNGGOL FIELD,HDB-PUNGGOL,199C PUNGGOL FIELD HDB-PUNGGOL SINGAPORE 823199
135,824199,1.400455442,103.9062079,HDB-PUNGGOL,199D,PUNGGOL FIELD,HDB-PUNGGOL,199D PUNGGOL FIELD HDB-PUNGGOL SINGAPORE 824199
136,821201,1.400085464,103.9035356,201A PUNGGOL FIELD SINGAPORE 821201,201A,PUNGGOL FIELD,NIL,201A PUNGGOL FIELD SINGAPORE 821201
137,822201,1.3999780430000002,103.9038532,201B PUNGGOL FIELD SINGAPORE 822201,201B,PUNGGOL FIELD,NIL,201B PUNGGOL FIELD SINGAPORE 822201
138,823201,1.3993314819999998,103.903712,201C PUNGGOL FIELD SINGAPORE 823201,201C,PUNGGOL FIELD,NIL,201C PUNGGOL FIELD SINGAPORE 823201
139,824201,1.3996843209999998,103.9033781,201D PUNGGOL FIELD SINGAPORE 824201,201D,PUNGGOL FIELD,NIL,201D PUNGGOL FIELD SINGAPORE 824201
140,821202,1.399664223,103.90449559999999,202A PUNGGOL FIELD SINGAPORE 821202,202A,PUNGGOL FIELD,NIL,202A PUNGGOL FIELD SINGAPORE 821202
141,822202,1.3992347809999999,103.9042775,202B PUNGGOL FIELD SINGAPORE 822202,202B,PUNGGOL FIELD,NIL,202B PUNGGOL FIELD SINGAPORE 822202
142,821203,1.398524282,103.9038627,203A PUNGGOL FIELD SINGAPORE 821203,203A,PUNGGOL FIELD,NIL,203A PUNGGOL FIELD SINGAPORE 821203
143,822203,1.398048415,103.9034765,203B PUNGGOL FIELD SINGAPORE 822203,203B,PUNGGOL FIELD,NIL,203B PUNGGOL FIELD SINGAPORE 822203
144,821204,1.398778276,103.90291090000001,204A PUNGGOL FIELD SINGAPORE 821204,204A,PUNGGOL FIELD,NIL,204A PUNGGOL FIELD SINGAPORE 821204
145,822204,1.398682245,103.9032111,204B PUNGGOL FIELD SINGAPORE 822204,204B,PUNGGOL FIELD,NIL,204B PUNGGOL FIELD SINGAPORE 822204
146,823204,1.398033215,103.90307259999999,204C PUNGGOL FIELD SINGAPORE 823204,204C,PUNGGOL FIELD,NIL,204C PUNGGOL FIELD SINGAPORE 823204
147,824204,1.3983112219999998,103.9025511,204D PUNGGOL FIELD SINGAPORE 824204,204D,PUNGGOL FIELD,NIL,204D PUNGGOL FIELD SINGAPORE 824204
148,821205,1.39852262,103.9021117,205A PUNGGOL FIELD SINGAPORE 821205,205A,PUNGGOL FIELD,NIL,205A PUNGGOL FIELD SINGAPORE 821205
149,821206,1.39922536,103.901496,206A PUNGGOL PLACE SINGAPORE 821206,206A,PUNGGOL PLACE,NIL,206A PUNGGOL PLACE SINGAPORE 821206
150,821207,1.4002866790000001,103.90101240000001,PUNGGOL SAILS,207A,PUNGGOL PLACE,PUNGGOL SAILS,207A PUNGGOL PLACE PUNGGOL SAILS SINGAPORE 821207
151,822207,1.4003255890000001,103.9007353,PUNGGOL SAILS,207B,PUNGGOL PLACE,PUNGGOL SAILS,207B PUNGGOL PLACE PUNGGOL SAILS SINGAPORE 822207
152,823207,1.400653675,103.90034870000001,PUNGGOL SAILS,207C,PUNGGOL PLACE,PUNGGOL SAILS,207C PUNGGOL PLACE PUNGGOL SAILS SINGAPORE 823207
153,824207,1.400946529,103.9007084,PUNGGOL SAILS,207D,PUNGGOL PLACE,PUNGGOL SAILS,207D PUNGGOL PLACE PUNGGOL SAILS SINGAPORE 824207
154,821208,1.401463246,103.9007611,PUNGGOL SAILS,208A,PUNGGOL PLACE,PUNGGOL SAILS,208A PUNGGOL PLACE PUNGGOL SAILS SINGAPORE 821208
155,822208,1.4013615430000002,103.9011272,PUNGGOL SAILS,208B,PUNGGOL PLACE,PUNGGOL SAILS,208B PUNGGOL PLACE PUNGGOL SAILS SINGAPORE 822208
156,823208,1.4009411969999999,103.9011446,PUNGGOL SAILS,208C,PUNGGOL PLACE,PUNGGOL SAILS,208C PUNGGOL PLACE PUNGGOL SAILS SINGAPORE 823208
157,821209,1.3997306809999999,103.9007321,PUNGGOL CREST,209A,PUNGGOL PLACE,PUNGGOL CREST,209A PUNGGOL PLACE PUNGGOL CREST SINGAPORE 821209
158,822209,1.399730514,103.90093540000001,PUNGGOL CREST,209B,PUNGGOL PLACE,PUNGGOL CREST,209B PUNGGOL PLACE PUNGGOL CREST SINGAPORE 822209
159,823209,1.39930949,103.90079229999999,PUNGGOL CREST,209C,PUNGGOL PLACE,PUNGGOL CREST,209C PUNGGOL PLACE PUNGGOL CREST SINGAPORE 823209
160,821210,1.400068281,103.9003993,PUNGGOL CREST,210A,PUNGGOL PLACE,PUNGGOL CREST,210A PUNGGOL PLACE PUNGGOL CREST SINGAPORE 821210
161,822210,1.400186245,103.900097,PUNGGOL CREST,210B,PUNGGOL PLACE,PUNGGOL CREST,210B PUNGGOL PLACE PUNGGOL CREST SINGAPORE 822210
162,823210,1.399654404,103.8999156,PUNGGOL CREST,210C,PUNGGOL PLACE,PUNGGOL CREST,210C PUNGGOL PLACE PUNGGOL CREST SINGAPORE 823210
163,821211,1.401759847,103.8999443,PUNGGOL RIPPLES,211A,PUNGGOL WALK,PUNGGOL RIPPLES,211A PUNGGOL WALK PUNGGOL RIPPLES SINGAPORE 821211
164,822211,1.401169895,103.8999209,PUNGGOL RIPPLES,211B,PUNGGOL WALK,PUNGGOL RIPPLES,211B PUNGGOL WALK PUNGGOL RIPPLES SINGAPORE 822211
165,823211,1.4007604930000002,103.8996136,PUNGGOL RIPPLES,211C,PUNGGOL WALK,PUNGGOL RIPPLES,211C PUNGGOL WALK PUNGGOL RIPPLES SINGAPORE 823211
166,824211,1.400935632,103.8991985,PUNGGOL RIPPLES,211D,PUNGGOL WALK,PUNGGOL RIPPLES,211D PUNGGOL WALK PUNGGOL RIPPLES SINGAPORE 824211
167,821212,1.3999605609999999,103.8989836,PUNGGOL WAVES,212A,PUNGGOL WALK,PUNGGOL WAVES,212A PUNGGOL WALK PUNGGOL WAVES SINGAPORE 821212
168,822212,1.400404239,103.8994843,PUNGGOL WAVES,212B,PUNGGOL WALK,PUNGGOL WAVES,212B PUNGGOL WALK PUNGGOL WAVES SINGAPORE 822212
169,821213,1.400309003,103.8980751,PUNGGOL WAVES,213A,PUNGGOL WALK,PUNGGOL WAVES,213A PUNGGOL WALK PUNGGOL WAVES SINGAPORE 821213
170,822213,1.400719621,103.89848470000001,PUNGGOL WAVES,213B,PUNGGOL WALK,PUNGGOL WAVES,213B PUNGGOL WALK PUNGGOL WAVES SINGAPORE 822213
171,823213,1.400598495,103.8989202,PUNGGOL WAVES,213C,PUNGGOL WALK,PUNGGOL WAVES,213C PUNGGOL WALK PUNGGOL WAVES SINGAPORE 823213
172,821217,1.4029859180000002,103.8950208,MATILDA PORTICO,217A,SUMANG WALK,MATILDA PORTICO,217A SUMANG WALK MATILDA PORTICO SINGAPORE 821217
173,822217,1.402401614,103.894935,MATILDA PORTICO,217B,SUMANG WALK,MATILDA PORTICO,217B SUMANG WALK MATILDA PORTICO SINGAPORE 822217
174,823217,1.40235851,103.8954941,MATILDA PORTICO,217C,SUMANG WALK,MATILDA PORTICO,217C SUMANG WALK MATILDA PORTICO SINGAPORE 823217
175,824217,1.402049858,103.8961662,MATILDA PORTICO,217D,SUMANG WALK,MATILDA PORTICO,217D SUMANG WALK MATILDA PORTICO SINGAPORE 824217
176,821220,1.4015230840000001,103.8946278,MATILDA EDGE,220A,SUMANG LANE,MATILDA EDGE,220A SUMANG LANE MATILDA EDGE SINGAPORE 821220
177,822220,1.4015103359999999,103.8954201,MATILDA EDGE,220B,SUMANG LANE,MATILDA EDGE,220B SUMANG LANE MATILDA EDGE SINGAPORE 822220
178,823220,1.401610263,103.89600250000001,MATILDA EDGE,220C,SUMANG LANE,MATILDA EDGE,220C SUMANG LANE MATILDA EDGE SINGAPORE 823220
179,821221,1.400982072,103.8956727,MATILDA EDGE,221A,SUMANG LANE,MATILDA EDGE,221A SUMANG LANE MATILDA EDGE SINGAPORE 821221
180,822221,1.401019438,103.89506300000001,MATILDA EDGE,221B,SUMANG LANE,MATILDA EDGE,221B SUMANG LANE MATILDA EDGE SINGAPORE 822221
181,821222,1.40112611,103.8934778,MATILDA EDGE,222A,SUMANG LANE,MATILDA EDGE,222A SUMANG LANE MATILDA EDGE SINGAPORE 821222
182,821223,1.4012632790000001,103.8928374,MATILDA EDGE,223A,SUMANG LANE,MATILDA EDGE,223A SUMANG LANE MATILDA EDGE SINGAPORE 821223
183,821224,1.4019562159999999,103.8928113,MATILDA EDGE,224A,SUMANG LANE,MATILDA EDGE,224A SUMANG LANE MATILDA EDGE SINGAPORE 821224
184,822224,1.401831806,103.89337370000001,MATILDA EDGE,224B,SUMANG LANE,MATILDA EDGE,224B SUMANG LANE MATILDA EDGE SINGAPORE 822224
185,823224,1.401622845,103.8939796,MATILDA EDGE,224C,SUMANG LANE,MATILDA EDGE,224C SUMANG LANE MATILDA EDGE SINGAPORE 823224
186,821226,1.402728129,103.8931013,THE VERANDAH @ MATILDA,226A,SUMANG LANE,THE VERANDAH @ MATILDA,226A SUMANG LANE THE VERANDAH @ MATILDA SINGAPORE 821226
187,822226,1.40268498,103.893609,THE VERANDAH @ MATILDA,226B,SUMANG LANE,THE VERANDAH @ MATILDA,226B SUMANG LANE THE VERANDAH @ MATILDA SINGAPORE 822226
188,823226,1.402581096,103.8940175,THE VERANDAH @ MATILDA,226C,SUMANG LANE,THE VERANDAH @ MATILDA,226C SUMANG LANE THE VERANDAH @ MATILDA SINGAPORE 823226
189,821227,1.403589257,103.89295870000001,THE VERANDAH @ MATILDA,227A,SUMANG LANE,THE VERANDAH @ MATILDA,227A SUMANG LANE THE VERANDAH @ MATILDA SINGAPORE 821227
190,822227,1.403474145,103.8937238,THE VERANDAH @ MATILDA,227B,SUMANG LANE,THE VERANDAH @ MATILDA,227B SUMANG LANE THE VERANDAH @ MATILDA SINGAPORE 822227
191,821231,1.402059178,103.8918791,MATILDA COURT,231A,SUMANG LANE,MATILDA COURT,231A SUMANG LANE MATILDA COURT SINGAPORE 821231
192,822231,1.402128424,103.89146690000001,MATILDA COURT,231B,SUMANG LANE,MATILDA COURT,231B SUMANG LANE MATILDA COURT SINGAPORE 822231
193,821232,1.4021869269999998,103.89104329999999,MATILDA COURT,232A,SUMANG LANE,MATILDA COURT,232A SUMANG LANE MATILDA COURT SINGAPORE 821232
194,822232,1.402301276,103.8906333,MATILDA COURT,232B,SUMANG LANE,MATILDA COURT,232B SUMANG LANE MATILDA COURT SINGAPORE 822232
195,823232,1.402040357,103.8901187,MATILDA COURT,232C,SUMANG LANE,MATILDA COURT,232C SUMANG LANE MATILDA COURT SINGAPORE 823232
196,821233,1.4015815919999999,103.8903108,MATILDA COURT,233A,SUMANG LANE,MATILDA COURT,233A SUMANG LANE MATILDA COURT SINGAPORE 821233
197,822233,1.401652532,103.890713,MATILDA COURT,233B,SUMANG LANE,MATILDA COURT,233B SUMANG LANE MATILDA COURT SINGAPORE 822233
198,823233,1.401731602,103.8910415,MATILDA COURT,233C,SUMANG LANE,MATILDA COURT,233C SUMANG LANE MATILDA COURT SINGAPORE 823233
199,821234,1.4016709669999998,103.8918975,MATILDA COURT,234A,SUMANG LANE,MATILDA COURT,234A SUMANG LANE MATILDA COURT SINGAPORE 821234
200,822234,1.4015203999999999,103.8915648,MATILDA COURT,234B,SUMANG LANE,MATILDA COURT,234B SUMANG LANE MATILDA COURT SINGAPORE 822234
201,821256,1.406091605,103.8957066,PUNGGOL OPAL,256A,SUMANG WALK,PUNGGOL OPAL,256A SUMANG WALK PUNGGOL OPAL SINGAPORE 821256
202,822256,1.406049079,103.8961795,PUNGGOL OPAL,256B,SUMANG WALK,PUNGGOL OPAL,256B SUMANG WALK PUNGGOL OPAL SINGAPORE 822256
203,823256,1.4054020369999998,103.8959105,PUNGGOL OPAL,256C,SUMANG WALK,PUNGGOL OPAL,256C SUMANG WALK PUNGGOL OPAL SINGAPORE 823256
204,824256,1.4049487019999998,103.8960077,PUNGGOL OPAL,256D,SUMANG WALK,PUNGGOL OPAL,256D SUMANG WALK PUNGGOL OPAL SINGAPORE 824256
205,821258,1.403799309,103.8959881,PUNGGOL TOPAZ,258A,PUNGGOL FIELD,PUNGGOL TOPAZ,258A PUNGGOL FIELD PUNGGOL TOPAZ SINGAPORE 821258
206,822258,1.403682308,103.8964614,PUNGGOL TOPAZ,258B,PUNGGOL FIELD,PUNGGOL TOPAZ,258B PUNGGOL FIELD PUNGGOL TOPAZ SINGAPORE 822258
207,823258,1.404141932,103.8963636,PUNGGOL TOPAZ,258C,PUNGGOL FIELD,PUNGGOL TOPAZ,258C PUNGGOL FIELD PUNGGOL TOPAZ SINGAPORE 823258
208,821259,1.4038233999999998,103.8955478,PUNGGOL TOPAZ,259A,PUNGGOL FIELD,PUNGGOL TOPAZ,259A PUNGGOL FIELD PUNGGOL TOPAZ SINGAPORE 821259
209,822259,1.4038783080000001,103.89523879999999,PUNGGOL TOPAZ,259B,PUNGGOL FIELD,PUNGGOL TOPAZ,259B PUNGGOL FIELD PUNGGOL TOPAZ SINGAPORE 822259
210,823259,1.404534086,103.8956655,PUNGGOL TOPAZ,259C,PUNGGOL FIELD,PUNGGOL TOPAZ,259C PUNGGOL FIELD PUNGGOL TOPAZ SINGAPORE 823259
211,821260,1.4047971380000002,103.8966161,PUNGGOL TOPAZ,260A,PUNGGOL WAY,PUNGGOL TOPAZ,260A PUNGGOL WAY PUNGGOL TOPAZ SINGAPORE 821260
212,822260,1.4048848930000002,103.89635129999999,PUNGGOL TOPAZ,260B,PUNGGOL WAY,PUNGGOL TOPAZ,260B PUNGGOL WAY PUNGGOL TOPAZ SINGAPORE 822260
213,823260,1.40524575,103.8964109,PUNGGOL TOPAZ,260C,PUNGGOL WAY,PUNGGOL TOPAZ,260C PUNGGOL WAY PUNGGOL TOPAZ SINGAPORE 823260
214,821261,1.405969915,103.89680329999999,PUNGGOL TOPAZ,261A,PUNGGOL WAY,PUNGGOL TOPAZ,261A PUNGGOL WAY PUNGGOL TOPAZ SINGAPORE 821261
215,822261,1.4060153469999999,103.8965083,PUNGGOL TOPAZ,261B,PUNGGOL WAY,PUNGGOL TOPAZ,261B PUNGGOL WAY PUNGGOL TOPAZ SINGAPORE 822261
216,823261,1.405623025,103.8964704,PUNGGOL TOPAZ,261C,PUNGGOL WAY,PUNGGOL TOPAZ,261C PUNGGOL WAY PUNGGOL TOPAZ SINGAPORE 823261
217,821264,1.4059770409999999,103.8985441,PUNGGOL EMERALD,264A,PUNGGOL WAY,PUNGGOL EMERALD,264A PUNGGOL WAY PUNGGOL EMERALD SINGAPORE 821264
218,821265,1.405666869,103.8987156,PUNGGOL EMERALD,265A,PUNGGOL WAY,PUNGGOL EMERALD,265A PUNGGOL WAY PUNGGOL EMERALD SINGAPORE 821265
219,822265,1.4051996930000001,103.8986626,PUNGGOL EMERALD,265B,PUNGGOL WAY,PUNGGOL EMERALD,265B PUNGGOL WAY PUNGGOL EMERALD SINGAPORE 822265
220,823265,1.40499729,103.8985186,PUNGGOL EMERALD,265C,PUNGGOL WAY,PUNGGOL EMERALD,265C PUNGGOL WAY PUNGGOL EMERALD SINGAPORE 823265
221,824265,1.40482605,103.8983017,PUNGGOL EMERALD,265D,PUNGGOL WAY,PUNGGOL EMERALD,265D PUNGGOL WAY PUNGGOL EMERALD SINGAPORE 824265
222,821266,1.4059607159999998,103.8979707,PUNGGOL EMERALD,266A,PUNGGOL WAY,PUNGGOL EMERALD,266A PUNGGOL WAY PUNGGOL EMERALD SINGAPORE 821266
223,822266,1.405574739,103.8979257,PUNGGOL EMERALD,266B,PUNGGOL WAY,PUNGGOL EMERALD,266B PUNGGOL WAY PUNGGOL EMERALD SINGAPORE 822266
224,823266,1.4051541980000002,103.89780520000001,PUNGGOL EMERALD,266C,PUNGGOL WAY,PUNGGOL EMERALD,266C PUNGGOL WAY PUNGGOL EMERALD SINGAPORE 823266
225,824266,1.404939601,103.8980368,PUNGGOL EMERALD,266D,PUNGGOL WAY,PUNGGOL EMERALD,266D PUNGGOL WAY PUNGGOL EMERALD SINGAPORE 824266
226,821267,1.4045590940000001,103.89750490000002,PUNGGOL SAPPHIRE,267A,PUNGGOL FIELD,PUNGGOL SAPPHIRE,267A PUNGGOL FIELD PUNGGOL SAPPHIRE SINGAPORE 821267
227,822267,1.404432739,103.8979324,PUNGGOL SAPPHIRE,267B,PUNGGOL FIELD,PUNGGOL SAPPHIRE,267B PUNGGOL FIELD PUNGGOL SAPPHIRE SINGAPORE 822267
228,823267,1.4042908019999998,103.8983193,PUNGGOL SAPPHIRE,267C,PUNGGOL FIELD,PUNGGOL SAPPHIRE,267C PUNGGOL FIELD PUNGGOL SAPPHIRE SINGAPORE 823267
229,821268,1.404111506,103.8973989,PUNGGOL SAPPHIRE,268A,PUNGGOL FIELD,PUNGGOL SAPPHIRE,268A PUNGGOL FIELD PUNGGOL SAPPHIRE SINGAPORE 821268
230,822268,1.4037824159999999,103.8973001,PUNGGOL SAPPHIRE,268B,PUNGGOL FIELD,PUNGGOL SAPPHIRE,268B PUNGGOL FIELD PUNGGOL SAPPHIRE SINGAPORE 822268
231,823268,1.403474149,103.8979384,PUNGGOL SAPPHIRE,268C,PUNGGOL FIELD,PUNGGOL SAPPHIRE,268C PUNGGOL FIELD PUNGGOL SAPPHIRE SINGAPORE 823268
232,824268,1.403313781,103.8983589,PUNGGOL SAPPHIRE,268D,PUNGGOL FIELD,PUNGGOL SAPPHIRE,268D PUNGGOL FIELD PUNGGOL SAPPHIRE SINGAPORE 824268
233,821269,1.4031490469999999,103.89897579999999,PUNGGOL SAPPHIRE,269A,PUNGGOL FIELD,PUNGGOL SAPPHIRE,269A PUNGGOL FIELD PUNGGOL SAPPHIRE SINGAPORE 821269
234,822269,1.4034439319999998,103.8986665,PUNGGOL SAPPHIRE,269B,PUNGGOL FIELD,PUNGGOL SAPPHIRE,269B PUNGGOL FIELD PUNGGOL SAPPHIRE SINGAPORE 822269
235,823269,1.4036520330000002,103.8985316,PUNGGOL SAPPHIRE,269C,PUNGGOL FIELD,PUNGGOL SAPPHIRE,269C PUNGGOL FIELD PUNGGOL SAPPHIRE SINGAPORE 823269
236,821270,1.403979501,103.89945490000001,PUNGGOL SAPPHIRE,270A,PUNGGOL FIELD,PUNGGOL SAPPHIRE,270A PUNGGOL FIELD PUNGGOL SAPPHIRE SINGAPORE 821270
237,822270,1.404108025,103.8990319,PUNGGOL SAPPHIRE,270B,PUNGGOL FIELD,PUNGGOL SAPPHIRE,270B PUNGGOL FIELD PUNGGOL SAPPHIRE SINGAPORE 822270
238,823270,1.4043154519999999,103.89885179999999,PUNGGOL SAPPHIRE,270C,PUNGGOL FIELD,PUNGGOL SAPPHIRE,270C PUNGGOL FIELD PUNGGOL SAPPHIRE SINGAPORE 823270
239,821271,1.4037454040000001,103.9003189,PUNGGOL RESIDENCES,271A,PUNGGOL WALK,PUNGGOL RESIDENCES,271A PUNGGOL WALK PUNGGOL RESIDENCES SINGAPORE 821271
240,822271,1.40417055,103.9005811,PUNGGOL RESIDENCES,271B,PUNGGOL WALK,PUNGGOL RESIDENCES,271B PUNGGOL WALK PUNGGOL RESIDENCES SINGAPORE 822271
241,823271,1.403941659,103.9010343,PUNGGOL RESIDENCES,271C,PUNGGOL WALK,PUNGGOL RESIDENCES,271C PUNGGOL WALK PUNGGOL RESIDENCES SINGAPORE 823271
242,824271,1.403514326,103.9008903,PUNGGOL RESIDENCES,271D,PUNGGOL WALK,PUNGGOL RESIDENCES,271D PUNGGOL WALK PUNGGOL RESIDENCES SINGAPORE 824271
243,821272,1.403145259,103.900666,PUNGGOL RESIDENCES,272A,PUNGGOL WALK,PUNGGOL RESIDENCES,272A PUNGGOL WALK PUNGGOL RESIDENCES SINGAPORE 821272
244,822272,1.4032956680000002,103.9002354,PUNGGOL RESIDENCES,272B,PUNGGOL WALK,PUNGGOL RESIDENCES,272B PUNGGOL WALK PUNGGOL RESIDENCES SINGAPORE 822272
245,823272,1.402857065,103.9000672,PUNGGOL RESIDENCES,272C,PUNGGOL WALK,PUNGGOL RESIDENCES,272C PUNGGOL WALK PUNGGOL RESIDENCES SINGAPORE 823272
246,824272,1.402733475,103.9004635,PUNGGOL RESIDENCES,272D,PUNGGOL WALK,PUNGGOL RESIDENCES,272D PUNGGOL WALK PUNGGOL RESIDENCES SINGAPORE 824272
247,821273,1.402284312,103.90210429999999,PUNGGOL REGALIA,273A,PUNGGOL PLACE,PUNGGOL REGALIA,273A PUNGGOL PLACE PUNGGOL REGALIA SINGAPORE 821273
248,822273,1.4019601080000001,103.90177879999999,PUNGGOL REGALIA,273B,PUNGGOL PLACE,PUNGGOL REGALIA,273B PUNGGOL PLACE PUNGGOL REGALIA SINGAPORE 822273
249,823273,1.4023030140000001,103.90126240000001,PUNGGOL REGALIA,273C,PUNGGOL PLACE,PUNGGOL REGALIA,273C PUNGGOL PLACE PUNGGOL REGALIA SINGAPORE 823273
250,824273,1.402523182,103.90129590000001,PUNGGOL REGALIA,273D,PUNGGOL PLACE,PUNGGOL REGALIA,273D PUNGGOL PLACE PUNGGOL REGALIA SINGAPORE 824273
251,821274,1.4027362069999998,103.9023521,PUNGGOL REGALIA,274A,PUNGGOL PLACE,PUNGGOL REGALIA,274A PUNGGOL PLACE PUNGGOL REGALIA SINGAPORE 821274
252,822274,1.403116263,103.9022874,PUNGGOL REGALIA,274B,PUNGGOL PLACE,PUNGGOL REGALIA,274B PUNGGOL PLACE PUNGGOL REGALIA SINGAPORE 822274
253,823274,1.403258431,103.90200870000001,PUNGGOL REGALIA,274C,PUNGGOL PLACE,PUNGGOL REGALIA,274C PUNGGOL PLACE PUNGGOL REGALIA SINGAPORE 823274
254,824274,1.403033709,103.9016885,PUNGGOL REGALIA,274D,PUNGGOL PLACE,PUNGGOL REGALIA,274D PUNGGOL PLACE PUNGGOL REGALIA SINGAPORE 824274
255,821288,1.402377994,103.9030395,PUNGGOL ARCADIA,288A,PUNGGOL PLACE,PUNGGOL ARCADIA,288A PUNGGOL PLACE PUNGGOL ARCADIA SINGAPORE 821288
256,822288,1.402675272,103.9032975,PUNGGOL ARCADIA,288B,PUNGGOL PLACE,PUNGGOL ARCADIA,288B PUNGGOL PLACE PUNGGOL ARCADIA SINGAPORE 822288
257,823288,1.402550903,103.9035571,PUNGGOL ARCADIA,288C,PUNGGOL PLACE,PUNGGOL ARCADIA,288C PUNGGOL PLACE PUNGGOL ARCADIA SINGAPORE 823288
258,821289,1.40157247,103.9026191,PUNGGOL ARCADIA,289A,PUNGGOL PLACE,PUNGGOL ARCADIA,289A PUNGGOL PLACE PUNGGOL ARCADIA SINGAPORE 821289
259,822289,1.401343561,103.903127,PUNGGOL ARCADIA,289B,PUNGGOL PLACE,PUNGGOL ARCADIA,289B PUNGGOL PLACE PUNGGOL ARCADIA SINGAPORE 822289
260,823289,1.401549241,103.9035195,PUNGGOL ARCADIA,289C,PUNGGOL PLACE,PUNGGOL ARCADIA,289C PUNGGOL PLACE PUNGGOL ARCADIA SINGAPORE 823289
261,824289,1.4020390569999999,103.9035327,PUNGGOL ARCADIA,289D,PUNGGOL PLACE,PUNGGOL ARCADIA,289D PUNGGOL PLACE PUNGGOL ARCADIA SINGAPORE 824289
262,820293,1.4030755730000002,103.9049453,PUNGGOL GROVE,293,PUNGGOL CENTRAL,PUNGGOL GROVE,293 PUNGGOL CENTRAL PUNGGOL GROVE SINGAPORE 820293
263,820294,1.4025718169999999,103.9046355,PUNGGOL GROVE,294,PUNGGOL CENTRAL,PUNGGOL GROVE,294 PUNGGOL CENTRAL PUNGGOL GROVE SINGAPORE 820294
264,820295,1.401886208,103.9049173,PUNGGOL GROVE,295,PUNGGOL CENTRAL,PUNGGOL GROVE,295 PUNGGOL CENTRAL PUNGGOL GROVE SINGAPORE 820295
265,820296,1.4015881909999999,103.9052652,PUNGGOL GROVE,296,PUNGGOL CENTRAL,PUNGGOL GROVE,296 PUNGGOL CENTRAL PUNGGOL GROVE SINGAPORE 820296
266,820297,1.402191213,103.9054519,PUNGGOL GROVE,297,PUNGGOL CENTRAL,PUNGGOL GROVE,297 PUNGGOL CENTRAL PUNGGOL GROVE SINGAPORE 820297
267,820298,1.4026172280000002,103.9056027,PUNGGOL GROVE,298,PUNGGOL CENTRAL,PUNGGOL GROVE,298 PUNGGOL CENTRAL PUNGGOL GROVE SINGAPORE 820298
268,820299,1.402706152,103.90530820000001,PUNGGOL GROVE,299,PUNGGOL CENTRAL,PUNGGOL GROVE,299 PUNGGOL CENTRAL PUNGGOL GROVE SINGAPORE 820299
269,821301,1.4041721630000001,103.90618609999999,CORALINUS,301A,PUNGGOL CENTRAL,CORALINUS,301A PUNGGOL CENTRAL CORALINUS SINGAPORE 821301
270,822301,1.404265418,103.9058947,CORALINUS,301B,PUNGGOL CENTRAL,CORALINUS,301B PUNGGOL CENTRAL CORALINUS SINGAPORE 822301
271,823301,1.404401623,103.90566379999999,CORALINUS,301C,PUNGGOL CENTRAL,CORALINUS,301C PUNGGOL CENTRAL CORALINUS SINGAPORE 823301
272,824301,1.4044481480000002,103.90542959999999,CORALINUS,301D,PUNGGOL PLACE,CORALINUS,301D PUNGGOL PLACE CORALINUS SINGAPORE 824301
273,821302,1.404423566,103.9044442,CORALINUS,302A,PUNGGOL PLACE,CORALINUS,302A PUNGGOL PLACE CORALINUS SINGAPORE 821302
274,822302,1.404374931,103.90478399999999,CORALINUS,302B,PUNGGOL PLACE,CORALINUS,302B PUNGGOL PLACE CORALINUS SINGAPORE 822302
275,823302,1.404720474,103.9049679,CORALINUS,302C,PUNGGOL PLACE,CORALINUS,302C PUNGGOL PLACE CORALINUS SINGAPORE 823302
276,824302,1.404584297,103.90519870000001,CORALINUS,302D,PUNGGOL PLACE,CORALINUS,302D PUNGGOL PLACE CORALINUS SINGAPORE 824302
277,821303,1.403777894,103.9057622,CORALINUS,303A,PUNGGOL CENTRAL,CORALINUS,303A PUNGGOL CENTRAL CORALINUS SINGAPORE 821303
278,824303,1.404238647,103.905015,CORALINUS,303D,PUNGGOL PLACE,CORALINUS,303D PUNGGOL PLACE CORALINUS SINGAPORE 824303
279,821305,1.4050791180000002,103.906706,TREELODGE@PUNGGOL,305A,PUNGGOL ROAD,TREELODGE@PUNGGOL,305A PUNGGOL ROAD TREELODGE@PUNGGOL SINGAPORE 821305
280,822305,1.4053519190000001,103.9062507,TREELODGE@PUNGGOL,305B,PUNGGOL ROAD,TREELODGE@PUNGGOL,305B PUNGGOL ROAD TREELODGE@PUNGGOL SINGAPORE 822305
281,824305,1.405832084,103.906791,TREELODGE@PUNGGOL,305D,PUNGGOL DRIVE,TREELODGE@PUNGGOL,305D PUNGGOL DRIVE TREELODGE@PUNGGOL SINGAPORE 824305
282,821306,1.406092596,103.9053953,TREELODGE@PUNGGOL,306A,PUNGGOL PLACE,TREELODGE@PUNGGOL,306A PUNGGOL PLACE TREELODGE@PUNGGOL SINGAPORE 821306
283,822306,1.405792305,103.9057772,TREELODGE@PUNGGOL,306B,PUNGGOL PLACE,TREELODGE@PUNGGOL,306B PUNGGOL PLACE TREELODGE@PUNGGOL SINGAPORE 822306
284,823306,1.406403852,103.9059582,TREELODGE@PUNGGOL,306C,PUNGGOL PLACE,TREELODGE@PUNGGOL,306C PUNGGOL PLACE TREELODGE@PUNGGOL SINGAPORE 823306
285,824306,1.406081435,103.90643840000001,TREELODGE@PUNGGOL,306D,PUNGGOL DRIVE,TREELODGE@PUNGGOL,306D PUNGGOL DRIVE TREELODGE@PUNGGOL SINGAPORE 824306
286,821308,1.407754256,103.90090620000001,WATERWAY TERRACES I,308A,PUNGGOL WALK,WATERWAY TERRACES I,308A PUNGGOL WALK WATERWAY TERRACES I SINGAPORE 821308
287,822308,1.4077667680000001,103.8995809,WATERWAY TERRACES I,308B,PUNGGOL WALK,WATERWAY TERRACES I,308B PUNGGOL WALK WATERWAY TERRACES I SINGAPORE 822308
288,823308,1.408006949,103.8990744,WATERWAY TERRACES I,308C,PUNGGOL WALK,WATERWAY TERRACES I,308C PUNGGOL WALK WATERWAY TERRACES I SINGAPORE 823308
289,821310,1.4087008890000001,103.90132659999999,WATERWAY TERRACES II,310A,PUNGGOL WALK,WATERWAY TERRACES II,310A PUNGGOL WALK WATERWAY TERRACES II SINGAPORE 821310
290,822310,1.409322675,103.9008018,WATERWAY TERRACES II,310B,PUNGGOL WALK,WATERWAY TERRACES II,310B PUNGGOL WALK WATERWAY TERRACES II SINGAPORE 822310
291,823310,1.409710961,103.89989840000001,WATERWAY TERRACES II,310C,PUNGGOL WALK,WATERWAY TERRACES II,310C PUNGGOL WALK WATERWAY TERRACES II SINGAPORE 823310
292,821312,1.410819269,103.90037170000001,PUNGGOL PARCVISTA,312A,SUMANG LINK,PUNGGOL PARCVISTA,312A SUMANG LINK PUNGGOL PARCVISTA SINGAPORE 821312
293,822312,1.411353096,103.9006147,PUNGGOL PARCVISTA,312B,SUMANG LINK,PUNGGOL PARCVISTA,312B SUMANG LINK PUNGGOL PARCVISTA SINGAPORE 822312
294,823312,1.410907282,103.90118609999999,PUNGGOL PARCVISTA,312C,SUMANG LINK,PUNGGOL PARCVISTA,312C SUMANG LINK PUNGGOL PARCVISTA SINGAPORE 823312
295,821313,1.409851841,103.9019953,PUNGGOL PARCVISTA,313A,SUMANG LINK,PUNGGOL PARCVISTA,313A SUMANG LINK PUNGGOL PARCVISTA SINGAPORE 821313
296,822313,1.410239547,103.9021436,PUNGGOL PARCVISTA,313B,SUMANG LINK,PUNGGOL PARCVISTA,313B SUMANG LINK PUNGGOL PARCVISTA SINGAPORE 822313
297,823313,1.410628851,103.90155190000002,PUNGGOL PARCVISTA,313C,SUMANG LINK,PUNGGOL PARCVISTA,313C SUMANG LINK PUNGGOL PARCVISTA SINGAPORE 823313
298,821314,1.408261878,103.8980179,WATERWAY CASCADIA,314A,PUNGGOL WAY,WATERWAY CASCADIA,314A PUNGGOL WAY WATERWAY CASCADIA SINGAPORE 821314
299,822314,1.4078977869999998,103.8973708,WATERWAY CASCADIA,314B,PUNGGOL WAY,WATERWAY CASCADIA,314B PUNGGOL WAY WATERWAY CASCADIA SINGAPORE 822314
300,821315,1.408316774,103.897053,WATERWAY CASCADIA,315A,PUNGGOL WAY,WATERWAY CASCADIA,315A PUNGGOL WAY WATERWAY CASCADIA SINGAPORE 821315
301,822315,1.4079560269999998,103.8964008,WATERWAY CASCADIA,315B,PUNGGOL WAY,WATERWAY CASCADIA,315B PUNGGOL WAY WATERWAY CASCADIA SINGAPORE 822315
302,821316,1.408901659,103.8984078,WATERWAY CASCADIA,316A,PUNGGOL WAY,WATERWAY CASCADIA,316A PUNGGOL WAY WATERWAY CASCADIA SINGAPORE 821316
303,822316,1.408946658,103.8979255,WATERWAY CASCADIA,316B,PUNGGOL WAY,WATERWAY CASCADIA,316B PUNGGOL WAY WATERWAY CASCADIA SINGAPORE 822316
304,824316,1.408793114,103.89681209999999,WATERWAY CASCADIA,316D,PUNGGOL WAY,WATERWAY CASCADIA,316D PUNGGOL WAY WATERWAY CASCADIA SINGAPORE 824316
305,821322,1.411394471,103.8970324,PUNGGOL BAYVIEW,322A,SUMANG WALK,PUNGGOL BAYVIEW,322A SUMANG WALK PUNGGOL BAYVIEW SINGAPORE 821322
306,822322,1.410915886,103.89688670000001,PUNGGOL BAYVIEW,322B,SUMANG WALK,PUNGGOL BAYVIEW,322B SUMANG WALK PUNGGOL BAYVIEW SINGAPORE 822322
307,823322,1.4105190509999999,103.8965814,PUNGGOL BAYVIEW,322C,SUMANG WALK,PUNGGOL BAYVIEW,322C SUMANG WALK PUNGGOL BAYVIEW SINGAPORE 823322
308,824322,1.4100362869999998,103.8963802,PUNGGOL BAYVIEW,322D,SUMANG WALK,PUNGGOL BAYVIEW,322D SUMANG WALK PUNGGOL BAYVIEW SINGAPORE 824322
309,823323,1.4126667030000002,103.89760140000001,PUNGGOL BAYVIEW,323C,SUMANG WALK,PUNGGOL BAYVIEW,323C SUMANG WALK PUNGGOL BAYVIEW SINGAPORE 823323
310,824323,1.412188117,103.89745570000001,PUNGGOL BAYVIEW,323D,SUMANG WALK,PUNGGOL BAYVIEW,323D SUMANG WALK PUNGGOL BAYVIEW SINGAPORE 824323
311,821325,1.413596604,103.8981213,PUNGGOL BAYVIEW,325A,SUMANG WALK,PUNGGOL BAYVIEW,325A SUMANG WALK PUNGGOL BAYVIEW SINGAPORE 821325
312,822325,1.413121366,103.89792729999999,PUNGGOL BAYVIEW,325B,SUMANG WALK,PUNGGOL BAYVIEW,325B SUMANG WALK PUNGGOL BAYVIEW SINGAPORE 822325
313,821326,1.412992901,103.8993268,PUNGGOL VUE,326A,SUMANG WALK,PUNGGOL VUE,326A SUMANG WALK PUNGGOL VUE SINGAPORE 821326
314,822326,1.41260504,103.8997332,PUNGGOL VUE,326B,SUMANG WALK,PUNGGOL VUE,326B SUMANG WALK PUNGGOL VUE SINGAPORE 822326
315,823326,1.412404594,103.9001778,PUNGGOL VUE,326C,SUMANG WALK,PUNGGOL VUE,326C SUMANG WALK PUNGGOL VUE SINGAPORE 823326
316,821327,1.4124361319999998,103.89913359999998,PUNGGOL VUE,327A,SUMANG WALK,PUNGGOL VUE,327A SUMANG WALK PUNGGOL VUE SINGAPORE 821327
317,822327,1.412255691,103.8995758,PUNGGOL VUE,327B,SUMANG WALK,PUNGGOL VUE,327B SUMANG WALK PUNGGOL VUE SINGAPORE 822327
318,823327,1.4120693030000002,103.8999743,PUNGGOL VUE,327C,SUMANG WALK,PUNGGOL VUE,327C SUMANG WALK PUNGGOL VUE SINGAPORE 823327
319,821601,1.402468466,103.90758220000001,PUNGGOL VISTA,601A,PUNGGOL CENTRAL,PUNGGOL VISTA,601A PUNGGOL CENTRAL PUNGGOL VISTA SINGAPORE 821601
320,822601,1.4021470219999999,103.9078319,PUNGGOL VISTA,601B,PUNGGOL CENTRAL,PUNGGOL VISTA,601B PUNGGOL CENTRAL PUNGGOL VISTA SINGAPORE 822601
321,823601,1.40267897,103.9081061,PUNGGOL VISTA,601C,PUNGGOL CENTRAL,PUNGGOL VISTA,601C PUNGGOL CENTRAL PUNGGOL VISTA SINGAPORE 823601
322,824601,1.402964008,103.90784740000001,PUNGGOL VISTA,601D,PUNGGOL CENTRAL,PUNGGOL VISTA,601D PUNGGOL CENTRAL PUNGGOL VISTA SINGAPORE 824601
323,821602,1.4034805380000002,103.90711740000002,PUNGGOL VISTA,602A,PUNGGOL CENTRAL,PUNGGOL VISTA,602A PUNGGOL CENTRAL PUNGGOL VISTA SINGAPORE 821602
324,822602,1.4030127669999999,103.9068635,PUNGGOL VISTA,602B,PUNGGOL CENTRAL,PUNGGOL VISTA,602B PUNGGOL CENTRAL PUNGGOL VISTA SINGAPORE 822602
325,823602,1.402713299,103.9072462,PUNGGOL VISTA,602C,PUNGGOL CENTRAL,PUNGGOL VISTA,602C PUNGGOL CENTRAL PUNGGOL VISTA SINGAPORE 823602
326,821603,1.4035301269999998,103.9084634,PUNGGOL LODGE,603A,PUNGGOL ROAD,PUNGGOL LODGE,603A PUNGGOL ROAD PUNGGOL LODGE SINGAPORE 821603
327,822603,1.40314294,103.9083163,PUNGGOL LODGE,603B,PUNGGOL ROAD,PUNGGOL LODGE,603B PUNGGOL ROAD PUNGGOL LODGE SINGAPORE 822603
328,821604,1.4043097169999998,103.90741259999999,PUNGGOL LODGE,604A,PUNGGOL ROAD,PUNGGOL LODGE,604A PUNGGOL ROAD PUNGGOL LODGE SINGAPORE 821604
329,822604,1.403889296,103.9072069,PUNGGOL LODGE,604B,PUNGGOL ROAD,PUNGGOL LODGE,604B PUNGGOL ROAD PUNGGOL LODGE SINGAPORE 822604
330,823604,1.403665376,103.9075323,PUNGGOL LODGE,604C,PUNGGOL ROAD,PUNGGOL LODGE,604C PUNGGOL ROAD PUNGGOL LODGE SINGAPORE 823604
331,821612,1.404164316,103.9091177,DAMAI GROVE,612A,PUNGGOL DRIVE,DAMAI GROVE,612A PUNGGOL DRIVE DAMAI GROVE SINGAPORE 821612
332,822612,1.4049385840000002,103.9081572,DAMAI GROVE,612B,PUNGGOL DRIVE,DAMAI GROVE,612B PUNGGOL DRIVE DAMAI GROVE SINGAPORE 822612
333,823612,1.4050777159999999,103.9077599,DAMAI GROVE,612C,PUNGGOL DRIVE,DAMAI GROVE,612C PUNGGOL DRIVE DAMAI GROVE SINGAPORE 823612
334,824612,1.404726526,103.9076236,DAMAI GROVE,612D,PUNGGOL DRIVE,DAMAI GROVE,612D PUNGGOL DRIVE DAMAI GROVE SINGAPORE 824612
335,821613,1.40442052,103.907861,DAMAI GROVE,613A,PUNGGOL DRIVE,DAMAI GROVE,613A PUNGGOL DRIVE DAMAI GROVE SINGAPORE 821613
336,822613,1.404277103,103.9082778,DAMAI GROVE,613B,PUNGGOL DRIVE,DAMAI GROVE,613B PUNGGOL DRIVE DAMAI GROVE SINGAPORE 822613
337,823613,1.403983217,103.90866390000001,DAMAI GROVE,613C,PUNGGOL DRIVE,DAMAI GROVE,613C PUNGGOL DRIVE DAMAI GROVE SINGAPORE 823613
338,824613,1.403824351,103.9089093,DAMAI GROVE,613D,PUNGGOL DRIVE,DAMAI GROVE,613D PUNGGOL DRIVE DAMAI GROVE SINGAPORE 824613
339,821614,1.403584212,103.9092641,PUNGGOL SPRING,614A,EDGEFIELD PLAINS,PUNGGOL SPRING,614A EDGEFIELD PLAINS PUNGGOL SPRING SINGAPORE 821614
340,822614,1.4029032369999999,103.9100575,PUNGGOL SPRING,614B,EDGEFIELD PLAINS,PUNGGOL SPRING,614B EDGEFIELD PLAINS PUNGGOL SPRING SINGAPORE 822614
341,821615,1.4038605640000001,103.909541,PUNGGOL SPRING,615A,EDGEFIELD PLAINS,PUNGGOL SPRING,615A EDGEFIELD PLAINS PUNGGOL SPRING SINGAPORE 821615
342,822615,1.403745882,103.9098829,PUNGGOL SPRING,615B,EDGEFIELD PLAINS,PUNGGOL SPRING,615B EDGEFIELD PLAINS PUNGGOL SPRING SINGAPORE 822615
343,823615,1.4035588369999998,103.9101535,PUNGGOL SPRING,615C,EDGEFIELD PLAINS,PUNGGOL SPRING,615C EDGEFIELD PLAINS PUNGGOL SPRING SINGAPORE 823615
344,821617,1.4023292569999999,103.9118114,PUNGGOL BREEZE,617A,PUNGGOL DRIVE,PUNGGOL BREEZE,617A PUNGGOL DRIVE PUNGGOL BREEZE SINGAPORE 821617
345,822617,1.40215673,103.9121478,PUNGGOL BREEZE,617B,PUNGGOL DRIVE,PUNGGOL BREEZE,617B PUNGGOL DRIVE PUNGGOL BREEZE SINGAPORE 822617
346,823617,1.40194562,103.9124567,PUNGGOL BREEZE,617C,PUNGGOL DRIVE,PUNGGOL BREEZE,617C PUNGGOL DRIVE PUNGGOL BREEZE SINGAPORE 823617
347,824617,1.401614289,103.912808,PUNGGOL BREEZE,617D,PUNGGOL DRIVE,PUNGGOL BREEZE,617D PUNGGOL DRIVE PUNGGOL BREEZE SINGAPORE 824617
348,821618,1.401126351,103.91246269999999,PUNGGOL BREEZE,618A,PUNGGOL DRIVE,PUNGGOL BREEZE,618A PUNGGOL DRIVE PUNGGOL BREEZE SINGAPORE 821618
349,822618,1.40146582,103.912122,PUNGGOL BREEZE,618B,PUNGGOL DRIVE,PUNGGOL BREEZE,618B PUNGGOL DRIVE PUNGGOL BREEZE SINGAPORE 822618
350,823618,1.401686288,103.9118158,PUNGGOL BREEZE,618C,PUNGGOL DRIVE,PUNGGOL BREEZE,618C PUNGGOL DRIVE PUNGGOL BREEZE SINGAPORE 823618
351,824618,1.401841319,103.9114662,PUNGGOL BREEZE,618D,PUNGGOL DRIVE,PUNGGOL BREEZE,618D PUNGGOL DRIVE PUNGGOL BREEZE SINGAPORE 824618
352,821619,1.402605242,103.91142669999999,PUNGGOL BREEZE,619A,PUNGGOL DRIVE,PUNGGOL BREEZE,619A PUNGGOL DRIVE PUNGGOL BREEZE SINGAPORE 821619
353,822619,1.402881227,103.91104200000001,PUNGGOL BREEZE,619B,PUNGGOL DRIVE,PUNGGOL BREEZE,619B PUNGGOL DRIVE PUNGGOL BREEZE SINGAPORE 822619
354,823619,1.402393288,103.9106968,PUNGGOL BREEZE,619C,PUNGGOL DRIVE,PUNGGOL BREEZE,619C PUNGGOL DRIVE PUNGGOL BREEZE SINGAPORE 823619
355,824619,1.4021173040000001,103.9110815,PUNGGOL BREEZE,619D,PUNGGOL DRIVE,PUNGGOL BREEZE,619D PUNGGOL DRIVE PUNGGOL BREEZE SINGAPORE 824619
356,821621,1.401045849,103.9098906,621A EDGEFIELD WALK SINGAPORE 821621,621A,EDGEFIELD WALK,NIL,621A EDGEFIELD WALK SINGAPORE 821621
357,821622,1.399927801,103.9110469,PUNGGOL SPECTRA,622A,PUNGGOL CENTRAL,PUNGGOL SPECTRA,622A PUNGGOL CENTRAL PUNGGOL SPECTRA SINGAPORE 821622
358,822622,1.4003436980000001,103.9105412,PUNGGOL SPECTRA,622B,PUNGGOL CENTRAL,PUNGGOL SPECTRA,622B PUNGGOL CENTRAL PUNGGOL SPECTRA SINGAPORE 822622
359,823622,1.400668946,103.9109494,PUNGGOL SPECTRA,622C,PUNGGOL CENTRAL,PUNGGOL SPECTRA,622C PUNGGOL CENTRAL PUNGGOL SPECTRA SINGAPORE 823622
360,821623,1.399884825,103.9118964,PUNGGOL SPECTRA,623A,PUNGGOL CENTRAL,PUNGGOL SPECTRA,623A PUNGGOL CENTRAL PUNGGOL SPECTRA SINGAPORE 821623
361,822623,1.399359355,103.91183670000001,PUNGGOL SPECTRA,623B,PUNGGOL CENTRAL,PUNGGOL SPECTRA,623B PUNGGOL CENTRAL PUNGGOL SPECTRA SINGAPORE 822623
362,823623,1.399632865,103.9114585,PUNGGOL SPECTRA,623C,PUNGGOL CENTRAL,PUNGGOL SPECTRA,623C PUNGGOL CENTRAL PUNGGOL SPECTRA SINGAPORE 823623
363,821624,1.400862412,103.9113687,PUNGGOL SPECTRA,624A,PUNGGOL CENTRAL,PUNGGOL SPECTRA,624A PUNGGOL CENTRAL PUNGGOL SPECTRA SINGAPORE 821624
364,822624,1.4007395880000002,103.91171750000001,PUNGGOL SPECTRA,624B,PUNGGOL CENTRAL,PUNGGOL SPECTRA,624B PUNGGOL CENTRAL PUNGGOL SPECTRA SINGAPORE 822624
365,823624,1.4004914480000001,103.91198299999999,PUNGGOL SPECTRA,624C,PUNGGOL CENTRAL,PUNGGOL SPECTRA,624C PUNGGOL CENTRAL PUNGGOL SPECTRA SINGAPORE 823624
366,821632,1.400695478,103.91334,EDGEDALE GREEN,632A,PUNGGOL DRIVE,EDGEDALE GREEN,632A PUNGGOL DRIVE EDGEDALE GREEN SINGAPORE 821632
367,822632,1.4008432730000002,103.9131347,EDGEDALE GREEN,632B,PUNGGOL DRIVE,EDGEDALE GREEN,632B PUNGGOL DRIVE EDGEDALE GREEN SINGAPORE 822632
368,823632,1.4009901169999999,103.9129282,EDGEDALE GREEN,632C,PUNGGOL DRIVE,EDGEDALE GREEN,632C PUNGGOL DRIVE EDGEDALE GREEN SINGAPORE 823632
369,821633,1.401369675,103.91319159999999,EDGEDALE GREEN,633A,PUNGGOL DRIVE,EDGEDALE GREEN,633A PUNGGOL DRIVE EDGEDALE GREEN SINGAPORE 821633
370,821635,1.400949108,103.91377740000001,EDGEDALE GREEN,635A,PUNGGOL DRIVE,EDGEDALE GREEN,635A PUNGGOL DRIVE EDGEDALE GREEN SINGAPORE 821635
371,822635,1.400799944,103.9139809,EDGEDALE GREEN,635B,PUNGGOL DRIVE,EDGEDALE GREEN,635B PUNGGOL DRIVE EDGEDALE GREEN SINGAPORE 822635
372,823635,1.400654324,103.9141867,EDGEDALE GREEN,635C,PUNGGOL DRIVE,EDGEDALE GREEN,635C PUNGGOL DRIVE EDGEDALE GREEN SINGAPORE 823635
373,821636,1.4002542130000002,103.91395379999999,EDGEDALE GREEN,636A,PUNGGOL DRIVE,EDGEDALE GREEN,636A PUNGGOL DRIVE EDGEDALE GREEN SINGAPORE 821636
374,822636,1.400407926,103.9137505,EDGEDALE GREEN,636B,PUNGGOL DRIVE,EDGEDALE GREEN,636B PUNGGOL DRIVE EDGEDALE GREEN SINGAPORE 822636
375,821637,1.399693672,103.914597,THE MEADOWS,637A,PUNGGOL DRIVE,THE MEADOWS,637A PUNGGOL DRIVE THE MEADOWS SINGAPORE 821637
376,822637,1.39949597,103.91495450000001,THE MEADOWS,637B,PUNGGOL DRIVE,THE MEADOWS,637B PUNGGOL DRIVE THE MEADOWS SINGAPORE 822637
377,823637,1.3991798069999999,103.9150066,THE MEADOWS,637C,PUNGGOL DRIVE,THE MEADOWS,637C PUNGGOL DRIVE THE MEADOWS SINGAPORE 823637
378,824637,1.3990576280000002,103.9154647,THE MEADOWS,637D,PUNGGOL DRIVE,THE MEADOWS,637D PUNGGOL DRIVE THE MEADOWS SINGAPORE 824637
379,821638,1.400123957,103.9148717,THE MEADOWS,638A,PUNGGOL DRIVE,THE MEADOWS,638A PUNGGOL DRIVE THE MEADOWS SINGAPORE 821638
380,822638,1.3998244340000001,103.915139,THE MEADOWS,638B,PUNGGOL DRIVE,THE MEADOWS,638B PUNGGOL DRIVE THE MEADOWS SINGAPORE 822638
381,823638,1.399676335,103.91539159999999,THE MEADOWS,638C,PUNGGOL DRIVE,THE MEADOWS,638C PUNGGOL DRIVE THE MEADOWS SINGAPORE 823638
382,821641,1.3985548230000002,103.91700159999999,THE MEADOWS,641A,PUNGGOL DRIVE,THE MEADOWS,641A PUNGGOL DRIVE THE MEADOWS SINGAPORE 821641
383,822641,1.3987921019999998,103.9166252,THE MEADOWS,641B,PUNGGOL DRIVE,THE MEADOWS,641B PUNGGOL DRIVE THE MEADOWS SINGAPORE 822641
384,823641,1.398940204,103.91637259999999,THE MEADOWS,641C,PUNGGOL DRIVE,THE MEADOWS,641C PUNGGOL DRIVE THE MEADOWS SINGAPORE 823641
385,821642,1.398162762,103.9167142,THE MEADOWS,642A,PUNGGOL DRIVE,THE MEADOWS,642A PUNGGOL DRIVE THE MEADOWS SINGAPORE 821642
386,822642,1.3982845330000002,103.91625529999999,THE MEADOWS,642B,PUNGGOL DRIVE,THE MEADOWS,642B PUNGGOL DRIVE THE MEADOWS SINGAPORE 822642
387,823642,1.3986006969999998,103.91620329999999,THE MEADOWS,642C,PUNGGOL DRIVE,THE MEADOWS,642C PUNGGOL DRIVE THE MEADOWS SINGAPORE 823642
388,824642,1.39879751,103.9158457,THE MEADOWS,642D,PUNGGOL DRIVE,THE MEADOWS,642D PUNGGOL DRIVE THE MEADOWS SINGAPORE 824642
389,820643,1.39731946,103.9160186,EASTDALE,643,PUNGGOL CENTRAL,EASTDALE,643 PUNGGOL CENTRAL EASTDALE SINGAPORE 820643
390,820645,1.39777617,103.91627740000001,EASTDALE,645,PUNGGOL CENTRAL,EASTDALE,645 PUNGGOL CENTRAL EASTDALE SINGAPORE 820645
391,820646,1.398148805,103.9157809,EASTDALE,646,PUNGGOL CENTRAL,EASTDALE,646 PUNGGOL CENTRAL EASTDALE SINGAPORE 820646
392,820647,1.398063071,103.9154533,EASTDALE,647,PUNGGOL CENTRAL,EASTDALE,647 PUNGGOL CENTRAL EASTDALE SINGAPORE 820647
393,820648,1.3976923980000002,103.915172,EASTDALE,648,PUNGGOL CENTRAL,EASTDALE,648 PUNGGOL CENTRAL EASTDALE SINGAPORE 820648
394,820649,1.3972382369999998,103.91491540000001,EASTDALE,649,PUNGGOL CENTRAL,EASTDALE,649 PUNGGOL CENTRAL EASTDALE SINGAPORE 820649
395,820651,1.396866833,103.9154104,EASTDALE,651,PUNGGOL CENTRAL,EASTDALE,651 PUNGGOL CENTRAL EASTDALE SINGAPORE 820651
396,820652,1.396953111,103.9157376,EASTDALE,652,PUNGGOL CENTRAL,EASTDALE,652 PUNGGOL CENTRAL EASTDALE SINGAPORE 820652
397,821658,1.400175685,103.91972009999999,WATERWAY SUNRAY,658A,PUNGGOL EAST,WATERWAY SUNRAY,658A PUNGGOL EAST WATERWAY SUNRAY SINGAPORE 821658
398,822658,1.4002128280000001,103.91905279999999,WATERWAY SUNRAY,658B,PUNGGOL EAST,WATERWAY SUNRAY,658B PUNGGOL EAST WATERWAY SUNRAY SINGAPORE 822658
399,823658,1.400549817,103.9186502,WATERWAY SUNRAY,658C,PUNGGOL EAST,WATERWAY SUNRAY,658C PUNGGOL EAST WATERWAY SUNRAY SINGAPORE 823658
400,821659,1.4005278330000002,103.91975740000001,WATERWAY SUNRAY,659A,PUNGGOL EAST,WATERWAY SUNRAY,659A PUNGGOL EAST WATERWAY SUNRAY SINGAPORE 821659
401,822659,1.400746549,103.9191493,WATERWAY SUNRAY,659B,PUNGGOL EAST,WATERWAY SUNRAY,659B PUNGGOL EAST WATERWAY SUNRAY SINGAPORE 822659
402,823659,1.401225385,103.9191307,WATERWAY SUNRAY,659C,PUNGGOL EAST,WATERWAY SUNRAY,659C PUNGGOL EAST WATERWAY SUNRAY SINGAPORE 823659
403,821661,1.403030566,103.9170807,WATERWAY SUNDEW,661A,EDGEDALE PLAINS,WATERWAY SUNDEW,661A EDGEDALE PLAINS WATERWAY SUNDEW SINGAPORE 821661
404,822661,1.402485648,103.91675140000001,WATERWAY SUNDEW,661B,EDGEDALE PLAINS,WATERWAY SUNDEW,661B EDGEDALE PLAINS WATERWAY SUNDEW SINGAPORE 822661
405,823661,1.4020715869999998,103.91748,WATERWAY SUNDEW,661C,EDGEDALE PLAINS,WATERWAY SUNDEW,661C EDGEDALE PLAINS WATERWAY SUNDEW SINGAPORE 823661
406,821662,1.402004486,103.91832640000001,WATERWAY SUNDEW,662A,EDGEDALE PLAINS,WATERWAY SUNDEW,662A EDGEDALE PLAINS WATERWAY SUNDEW SINGAPORE 821662
407,822662,1.4017215369999998,103.91869100000001,WATERWAY SUNDEW,662B,EDGEDALE PLAINS,WATERWAY SUNDEW,662B EDGEDALE PLAINS WATERWAY SUNDEW SINGAPORE 822662
408,823662,1.4013918159999998,103.91851390000001,WATERWAY SUNDEW,662C,EDGEDALE PLAINS,WATERWAY SUNDEW,662C EDGEDALE PLAINS WATERWAY SUNDEW SINGAPORE 823662
409,824662,1.40167256,103.9180028,WATERWAY SUNDEW,662D,EDGEDALE PLAINS,WATERWAY SUNDEW,662D EDGEDALE PLAINS WATERWAY SUNDEW SINGAPORE 824662
410,821663,1.4002434769999998,103.91708,WATERWAY SUNBEAM,663A,PUNGGOL DRIVE,WATERWAY SUNBEAM,663A PUNGGOL DRIVE WATERWAY SUNBEAM SINGAPORE 821663
411,822663,1.400771226,103.9173487,WATERWAY SUNBEAM,663B,PUNGGOL DRIVE,WATERWAY SUNBEAM,663B PUNGGOL DRIVE WATERWAY SUNBEAM SINGAPORE 822663
412,823663,1.400365494,103.9176319,WATERWAY SUNBEAM,663C,PUNGGOL DRIVE,WATERWAY SUNBEAM,663C PUNGGOL DRIVE WATERWAY SUNBEAM SINGAPORE 823663
413,821664,1.399432183,103.91751070000001,WATERWAY SUNBEAM,664A,PUNGGOL DRIVE,WATERWAY SUNBEAM,664A PUNGGOL DRIVE WATERWAY SUNBEAM SINGAPORE 821664
414,822664,1.40006477,103.9178515,WATERWAY SUNBEAM,664B,PUNGGOL DRIVE,WATERWAY SUNBEAM,664B PUNGGOL DRIVE WATERWAY SUNBEAM SINGAPORE 822664
415,821665,1.402127691,103.9135785,WATERWAY WOODCRESS,665A,PUNGGOL DRIVE,WATERWAY WOODCRESS,665A PUNGGOL DRIVE WATERWAY WOODCRESS SINGAPORE 821665
416,822665,1.402040572,103.9141411,WATERWAY WOODCRESS,665B,PUNGGOL DRIVE,WATERWAY WOODCRESS,665B PUNGGOL DRIVE WATERWAY WOODCRESS SINGAPORE 822665
417,823665,1.401491646,103.91445909999999,WATERWAY WOODCRESS,665C,PUNGGOL DRIVE,WATERWAY WOODCRESS,665C PUNGGOL DRIVE WATERWAY WOODCRESS SINGAPORE 823665
418,821666,1.401536312,103.91507800000001,WATERWAY WOODCRESS,666A,PUNGGOL DRIVE,WATERWAY WOODCRESS,666A PUNGGOL DRIVE WATERWAY WOODCRESS SINGAPORE 821666
419,822666,1.401796725,103.9152781,WATERWAY WOODCRESS,666B,PUNGGOL DRIVE,WATERWAY WOODCRESS,666B PUNGGOL DRIVE WATERWAY WOODCRESS SINGAPORE 822666
420,821667,1.40260031,103.91397140000001,WATERWAY WOODCRESS,667A,PUNGGOL DRIVE,WATERWAY WOODCRESS,667A PUNGGOL DRIVE WATERWAY WOODCRESS SINGAPORE 821667
421,822667,1.4021107030000002,103.9149166,WATERWAY WOODCRESS,667B,PUNGGOL DRIVE,WATERWAY WOODCRESS,667B PUNGGOL DRIVE WATERWAY WOODCRESS SINGAPORE 822667
422,821668,1.405018801,103.91241190000001,WATERWAY RIDGES,668A,EDGEFIELD PLAINS,WATERWAY RIDGES,668A EDGEFIELD PLAINS WATERWAY RIDGES SINGAPORE 821668
423,822668,1.404782919,103.91297850000001,WATERWAY RIDGES,668B,EDGEFIELD PLAINS,WATERWAY RIDGES,668B EDGEFIELD PLAINS WATERWAY RIDGES SINGAPORE 822668
424,821669,1.404909749,103.9139695,WATERWAY RIDGES,669A,EDGEFIELD PLAINS,WATERWAY RIDGES,669A EDGEFIELD PLAINS WATERWAY RIDGES SINGAPORE 821669
425,822669,1.4045360690000002,103.91401280000001,WATERWAY RIDGES,669B,EDGEFIELD PLAINS,WATERWAY RIDGES,669B EDGEFIELD PLAINS WATERWAY RIDGES SINGAPORE 822669
426,821670,1.405383412,103.91296080000001,WATERWAY RIDGES,670A,EDGEFIELD PLAINS,WATERWAY RIDGES,670A EDGEFIELD PLAINS WATERWAY RIDGES SINGAPORE 821670
427,822670,1.40532418,103.9132807,WATERWAY RIDGES,670B,EDGEFIELD PLAINS,WATERWAY RIDGES,670B EDGEFIELD PLAINS WATERWAY RIDGES SINGAPORE 822670
428,823670,1.405342858,103.9139333,WATERWAY RIDGES,670C,EDGEFIELD PLAINS,WATERWAY RIDGES,670C EDGEFIELD PLAINS WATERWAY RIDGES SINGAPORE 823670
429,821671,1.406059242,103.9120207,WATERWAY BANKS,671A,EDGEFIELD PLAINS,WATERWAY BANKS,671A EDGEFIELD PLAINS WATERWAY BANKS SINGAPORE 821671
430,822671,1.406191183,103.9116993,WATERWAY BANKS,671B,EDGEFIELD PLAINS,WATERWAY BANKS,671B EDGEFIELD PLAINS WATERWAY BANKS SINGAPORE 822671
431,822672,1.40665275,103.9123125,WATERWAY BANKS,672B,EDGEFIELD PLAINS,WATERWAY BANKS,672B EDGEFIELD PLAINS WATERWAY BANKS SINGAPORE 822672
432,823672,1.407437024,103.9111965,WATERWAY BANKS,672C,EDGEFIELD PLAINS,WATERWAY BANKS,672C EDGEFIELD PLAINS WATERWAY BANKS SINGAPORE 823672
433,824672,1.407590312,103.91092359999999,WATERWAY BANKS,672D,EDGEFIELD PLAINS,WATERWAY BANKS,672D EDGEFIELD PLAINS WATERWAY BANKS SINGAPORE 824672
434,821673,1.406676726,103.91161329999998,WATERWAY BANKS,673A,EDGEFIELD PLAINS,WATERWAY BANKS,673A EDGEFIELD PLAINS WATERWAY BANKS SINGAPORE 821673
435,822673,1.406977629,103.91104150000001,WATERWAY BANKS,673B,EDGEFIELD PLAINS,WATERWAY BANKS,673B EDGEFIELD PLAINS WATERWAY BANKS SINGAPORE 822673
436,823673,1.4072215940000001,103.91059190000001,WATERWAY BANKS,673C,EDGEFIELD PLAINS,WATERWAY BANKS,673C EDGEFIELD PLAINS WATERWAY BANKS SINGAPORE 823673
437,821676,1.404827091,103.9098707,WATERWAY BROOKS,676A,PUNGGOL DRIVE,WATERWAY BROOKS,676A PUNGGOL DRIVE WATERWAY BROOKS SINGAPORE 821676
438,822676,1.4048914080000001,103.91020970000001,WATERWAY BROOKS,676B,PUNGGOL DRIVE,WATERWAY BROOKS,676B PUNGGOL DRIVE WATERWAY BROOKS SINGAPORE 822676
439,823676,1.4053314330000002,103.9105868,WATERWAY BROOKS,676C,PUNGGOL DRIVE,WATERWAY BROOKS,676C PUNGGOL DRIVE WATERWAY BROOKS SINGAPORE 823676
440,824676,1.4056408669999998,103.91092330000001,WATERWAY BROOKS,676D,PUNGGOL DRIVE,WATERWAY BROOKS,676D PUNGGOL DRIVE WATERWAY BROOKS SINGAPORE 824676
441,821677,1.4052896419999998,103.9092041,WATERWAY BROOKS,677A,PUNGGOL DRIVE,WATERWAY BROOKS,677A PUNGGOL DRIVE WATERWAY BROOKS SINGAPORE 821677
442,822677,1.4053646830000002,103.909509,WATERWAY BROOKS,677B,PUNGGOL DRIVE,WATERWAY BROOKS,677B PUNGGOL DRIVE WATERWAY BROOKS SINGAPORE 822677
443,823677,1.405650635,103.9097496,WATERWAY BROOKS,677C,PUNGGOL DRIVE,WATERWAY BROOKS,677C PUNGGOL DRIVE WATERWAY BROOKS SINGAPORE 823677
444,824677,1.4058804480000002,103.91015870000001,WATERWAY BROOKS,677D,PUNGGOL DRIVE,WATERWAY BROOKS,677D PUNGGOL DRIVE WATERWAY BROOKS SINGAPORE 824677
445,821678,1.4056621319999998,103.90871899999999,WATERWAY BROOKS,678A,PUNGGOL DRIVE,WATERWAY BROOKS,678A PUNGGOL DRIVE WATERWAY BROOKS SINGAPORE 821678
446,822678,1.4057617009999999,103.90884,WATERWAY BROOKS,678B,PUNGGOL DRIVE,WATERWAY BROOKS,678B PUNGGOL DRIVE WATERWAY BROOKS SINGAPORE 822678
447,823678,1.406211791,103.9093728,WATERWAY BROOKS,678C,PUNGGOL DRIVE,WATERWAY BROOKS,678C PUNGGOL DRIVE WATERWAY BROOKS SINGAPORE 823678
448,821679,1.405911563,103.9082882,WATERWAY BROOKS,679A,PUNGGOL DRIVE,WATERWAY BROOKS,679A PUNGGOL DRIVE WATERWAY BROOKS SINGAPORE 821679
449,822679,1.40631693,103.908463,WATERWAY BROOKS,679B,PUNGGOL DRIVE,WATERWAY BROOKS,679B PUNGGOL DRIVE WATERWAY BROOKS SINGAPORE 822679
450,823679,1.4064138080000002,103.9088057,WATERWAY BROOKS,679C,PUNGGOL DRIVE,WATERWAY BROOKS,679C PUNGGOL DRIVE WATERWAY BROOKS SINGAPORE 823679
451,821682,1.4035477490000001,103.9162913,WATERWAY VIEW,682A,EDGEDALE PLAINS,WATERWAY VIEW,682A EDGEDALE PLAINS WATERWAY VIEW SINGAPORE 821682
452,822682,1.403411731,103.915952,WATERWAY VIEW,682B,EDGEDALE PLAINS,WATERWAY VIEW,682B EDGEDALE PLAINS WATERWAY VIEW SINGAPORE 822682
453,823682,1.403619895,103.91552469999999,WATERWAY VIEW,682C,EDGEDALE PLAINS,WATERWAY VIEW,682C EDGEDALE PLAINS WATERWAY VIEW SINGAPORE 823682
454,821683,1.4042634440000001,103.9153714,WATERWAY VIEW,683A,EDGEDALE PLAINS,WATERWAY VIEW,683A EDGEDALE PLAINS WATERWAY VIEW SINGAPORE 821683
455,822683,1.4047010580000001,103.91498809999999,WATERWAY VIEW,683B,EDGEDALE PLAINS,WATERWAY VIEW,683B EDGEDALE PLAINS WATERWAY VIEW SINGAPORE 822683
456,823683,1.404073549,103.91464870000001,WATERWAY VIEW,683C,EDGEDALE PLAINS,WATERWAY VIEW,683C EDGEDALE PLAINS WATERWAY VIEW SINGAPORE 823683
457,821684,1.402793795,103.9158786,WATERWAY VIEW,684A,EDGEDALE PLAINS,WATERWAY VIEW,684A EDGEDALE PLAINS WATERWAY VIEW SINGAPORE 821684
458,822684,1.4030271319999998,103.9150056,WATERWAY VIEW,684B,EDGEDALE PLAINS,WATERWAY VIEW,684B EDGEDALE PLAINS WATERWAY VIEW SINGAPORE 822684
459,823684,1.4034923869999998,103.9147653,WATERWAY VIEW,684C,EDGEDALE PLAINS,WATERWAY VIEW,684C EDGEDALE PLAINS WATERWAY VIEW SINGAPORE 823684
460,824684,1.403651736,103.9140948,WATERWAY VIEW,684D,EDGEDALE PLAINS,WATERWAY VIEW,684D EDGEDALE PLAINS WATERWAY VIEW SINGAPORE 824684
461,822303,1.403872,103.906212,CORALINUS,303B,PUNGGOL CTRL,CORALINUS,303B PUNGGOL CENTRAL CORALINUS SINGAPORE 822303
462,823303,1.4038110000000001,103.906184,CORALINUS,303C,PUNGGOL CTRL,CORALINUS,303c PUNGGOL CENTRAL CORALINUS SINGAPORE 823303
463,821316,1.40901,103.897189,WATERWAY CASCADIA,316C,PUNGGOL WAY,WATERWAY CASCADIA,316C PUNGGOL WAY WATERWAY CASCADIA SINGAPORE 821316
464,821313,1.4127889999999999,103.898101,BAYVIEW,323A,SUMANG WALK,BAYVIEW,323A SUMANG WALK PUNGGOL BAYVIEW SINGAPORE 821313
465,821313,1.412033,103.897869,BAYVIEW,323B,SUMANG WALK,BAYVIEW,323B SUMANG WALK PUNGGOL BAYVIEW SINGAPORE 821313
466,823603,1.403481,103.90789000000001,PUNGGOL LODGE,603C,PUNGGOL RD,PUNGGOL LODGE,603C PUNGGOL ROAD PUNGGOL LODGE SINGAPORE 823603
467,822622,1.401517,103.910128,EDGEFIELD WALK,621B,EDGEFIELD WALK,EDGEFIELD WALK,621B EDGEFIELD WALK SINGAPORE 822622
468,822633,1.401332,103.91369300000001,EDGEDALE GREEN,633B,PUNGGOL DR,EDGEDALE GREEN,633B PUNGGOL DRIVE EDGEDALE GREEN SINGAPORE 822633
469,821672,1.406507,103.91262900000001,WATERWAY BANKS,672A,EDGEFIELD PLAINS,WATERWAY BANKS,672A EDGEFIELD PLAINS WATERWAY BANKS SINGAPORE 821672
